date,open,high,low,close
2017-08-17,11.81,15.77,11.54,15.55
2017-08-18,15.38,16.04,13.32,14.26
2017-08-21,14.59,14.74,13.07,13.19
2017-08-22,12.6,12.94,11.35,11.35
2017-08-23,11.51,12.59,11.39,12.25
2017-08-24,12.06,12.83,11.55,12.23
2017-08-25,12.2,12.45,11.1,11.28
2017-08-28,12.09,12.11,11.23,11.32
2017-08-29,13.33,14.34,11.48,11.7
2017-08-30,11.4,11.98,10.96,11.22
2017-08-31,11.07,11.22,10.34,10.59
2017-09-01,10.33,10.46,10.02,10.13
2017-09-05,11.75,14.06,11.41,12.23
2017-09-06,12.27,12.59,11.35,11.63
2017-09-07,11.93,12.07,11.32,11.55
2017-09-08,11.87,12.6,11.84,12.12
2017-09-11,11.38,11.39,10.51,10.73
2017-09-12,10.66,10.95,10.29,10.58
2017-09-13,10.72,10.86,10.33,10.5
2017-09-14,10.57,11.04,10.28,10.44
2017-09-15,10.51,10.74,10.0,10.17
2017-09-18,10.18,10.42,9.88,10.15
2017-09-19,10.16,10.3,9.85,10.18
2017-09-20,10.04,10.67,9.67,9.78
2017-09-21,9.74,10.21,9.54,9.67
2017-09-22,9.9,10.2,9.5,9.59
2017-09-25,10.08,11.21,9.79,10.21
2017-09-26,10.42,10.68,9.94,10.17
2017-09-27,9.9,10.42,9.63,9.87
2017-09-28,9.74,10.13,9.55,9.55
2017-09-29,9.59,9.83,9.36,9.51
2017-10-02,9.59,10.04,9.37,9.45
2017-10-03,9.3,9.75,9.3,9.51
2017-10-04,9.53,9.88,9.53,9.63
2017-10-05,9.48,9.62,9.13,9.19
2017-10-06,9.23,10.27,9.11,9.65
2017-10-09,9.92,10.53,9.88,10.33
2017-10-10,10.15,10.66,9.94,10.08
2017-10-11,9.95,10.38,9.72,9.85
2017-10-12,9.94,10.33,9.65,9.91
2017-10-13,9.95,9.98,9.44,9.61
2017-10-16,9.95,10.02,9.75,9.91
2017-10-17,9.85,10.46,9.78,10.31
2017-10-18,10.34,10.41,9.87,10.07
2017-10-19,10.22,11.77,9.99,10.05
2017-10-20,9.92,10.04,9.29,9.97
2017-10-23,10.25,11.08,9.94,11.07
2017-10-24,10.89,11.16,10.39,11.16
2017-10-25,11.34,13.2,10.99,11.23
2017-10-26,11.17,11.81,10.6,11.3
2017-10-27,11.12,11.12,9.74,9.8
2017-10-30,10.28,10.89,10.1,10.5
2017-10-31,10.34,10.37,9.9,10.18
2017-11-01,9.79,10.49,9.74,10.2
2017-11-02,10.44,10.89,9.67,9.93
2017-11-03,9.83,9.91,8.99,9.14
2017-11-06,9.63,9.74,9.38,9.4
2017-11-07,9.31,10.31,9.29,9.89
2017-11-08,9.79,10.27,9.5,9.78
2017-11-09,9.94,12.19,9.79,10.5
2017-11-10,10.78,11.58,10.5,11.29
2017-11-13,11.43,12.18,11.0,11.5
2017-11-14,11.53,12.61,11.45,11.59
2017-11-15,12.52,14.51,12.33,13.13
2017-11-16,12.47,12.52,11.38,11.76
2017-11-17,11.75,12.01,11.16,11.43
2017-11-20,11.96,12.08,10.44,10.65
2017-11-21,10.74,10.78,9.67,9.73
2017-11-22,9.6,9.88,9.32,9.88
2017-11-24,9.82,9.96,8.56,9.67
2017-11-27,10.07,10.26,9.79,9.87
2017-11-28,9.72,10.31,9.53,10.03
2017-11-29,9.91,10.93,9.81,10.7
2017-11-30,10.49,12.05,10.25,11.28
2017-12-01,11.19,14.58,10.54,11.43
2017-12-04,11.05,11.86,10.26,11.68
2017-12-05,11.38,11.67,10.65,11.33
2017-12-06,11.63,11.68,10.86,11.02
2017-12-07,10.9,11.32,10.12,10.16
2017-12-08,10.0,10.06,9.43,9.58
2017-12-11,9.74,10.08,9.28,9.34
2017-12-12,9.36,9.92,9.21,9.92
2017-12-13,9.78,10.21,9.65,10.18
2017-12-14,9.98,10.54,9.78,10.49
2017-12-15,10.12,10.2,9.22,9.42
2017-12-18,9.46,9.89,9.24,9.53
2017-12-19,9.4,10.15,9.18,10.03
2017-12-20,9.69,9.85,8.9,9.72
2017-12-21,9.59,9.86,9.2,9.62
2017-12-22,9.37,10.18,9.35,9.9
2017-12-26,10.19,10.46,10.13,10.25
2017-12-27,10.04,10.79,9.71,10.47
2017-12-28,10.29,10.44,10.07,10.18
2017-12-29,10.03,11.06,9.95,11.04
2018-01-02,10.95,11.07,9.52,9.77
2018-01-03,9.56,9.65,8.94,9.15
2018-01-04,9.01,9.31,8.92,9.22
2018-01-05,9.1,9.54,9.0,9.22
2018-01-08,9.61,9.89,9.32,9.52
2018-01-09,9.41,10.09,9.37,10.08
2018-01-10,10.11,10.85,9.82,9.82
2018-01-11,9.69,10.02,9.62,9.88
2018-01-12,9.74,10.31,9.54,10.16
2018-01-16,10.42,12.41,10.4,11.66
2018-01-17,11.35,12.81,11.18,11.91
2018-01-18,12.01,12.4,11.62,12.22
2018-01-19,12.3,12.33,11.18,11.27
2018-01-22,11.59,11.62,10.84,11.03
2018-01-23,10.77,11.57,10.76,11.1
2018-01-24,11.0,12.19,10.89,11.47
2018-01-25,11.27,12.01,11.2,11.58
2018-01-26,11.4,11.6,11.08,11.08
2018-01-29,11.71,13.84,11.68,13.84
2018-01-30,13.93,15.42,13.88,14.79
2018-01-31,14.23,14.44,13.41,13.54
2018-02-01,13.05,14.3,12.5,13.47
2018-02-02,13.64,17.86,13.64,17.31
2018-02-05,18.44,38.8,16.8,37.32
2018-02-06,37.32,50.3,22.42,29.98
2018-02-07,31.38,31.64,21.17,27.73
2018-02-08,27.29,36.17,24.41,33.46
2018-02-09,32.18,41.06,27.73,29.06
2018-02-12,27.25,29.7,24.42,25.61
2018-02-13,26.94,27.82,24.47,24.97
2018-02-14,23.48,25.72,18.99,19.26
2018-02-15,18.39,20.66,17.6,19.13
2018-02-16,18.74,20.99,17.44,19.46
2018-02-20,20.53,21.61,19.75,20.6
2018-02-21,20.76,21.04,16.97,20.02
2018-02-22,20.57,20.61,18.07,18.72
2018-02-23,17.96,18.8,16.47,16.49
2018-02-26,16.53,16.94,15.8,15.8
2018-02-27,15.83,18.98,15.29,18.59
2018-02-28,18.08,20.44,15.65,19.85
2018-03-01,19.96,25.3,19.57,22.47
2018-03-02,22.47,26.22,19.36,19.59
2018-03-05,21.55,21.57,17.94,18.73
2018-03-06,18.25,19.64,17.68,18.36
2018-03-07,20.11,20.49,17.52,17.76
2018-03-08,17.56,17.68,14.91,16.54
2018-03-09,16.41,16.75,13.31,14.64
2018-03-12,15.28,16.35,15.18,15.78
2018-03-13,15.7,16.98,15.03,16.35
2018-03-14,16.59,17.59,14.94,17.23
2018-03-15,16.99,17.41,15.96,16.59
2018-03-16,16.6,16.72,15.23,15.8
2018-03-19,16.63,21.87,16.56,19.02
2018-03-20,18.38,19.31,18.09,18.2
2018-03-21,17.76,18.37,16.26,17.86
2018-03-22,18.13,23.81,18.12,23.34
2018-03-23,24.02,26.01,21.63,24.87
2018-03-26,23.41,24.54,20.71,21.03
2018-03-27,20.33,24.06,19.84,22.5
2018-03-28,22.52,24.94,21.71,22.87
2018-03-29,22.87,23.05,19.6,19.97
2018-04-02,21.07,25.72,20.44,23.62
2018-04-03,23.03,23.38,20.92,21.1
2018-04-04,21.68,24.51,19.86,20.06
2018-04-05,19.76,20.21,18.57,18.94
2018-04-06,20.33,23.12,18.6,21.49
2018-04-09,21.27,22.02,20.34,21.77
2018-04-10,20.51,21.68,20.24,20.47
2018-04-11,20.95,21.66,19.64,20.24
2018-04-12,19.83,19.92,18.16,18.49
2018-04-13,18.27,18.45,17.26,17.41
2018-04-16,17.59,17.66,16.38,16.56
2018-04-17,16.16,16.27,14.57,15.25
2018-04-18,15.3,16.9,14.95,15.6
2018-04-19,15.55,16.92,15.16,15.96
2018-04-20,16.16,17.5,15.19,16.88
2018-04-23,17.29,17.56,15.79,16.34
2018-04-24,16.16,19.66,15.37,18.02
2018-04-25,18.14,19.84,17.75,17.84
2018-04-26,18.07,18.12,16.24,16.24
2018-04-27,16.22,16.77,15.25,15.41
2018-04-30,15.39,16.35,15.13,15.93
2018-05-01,15.78,16.82,15.42,15.49
2018-05-02,15.48,15.97,14.75,15.97
2018-05-03,15.78,18.66,15.43,15.9
2018-05-04,15.94,16.92,10.91,14.77
2018-05-07,15.32,15.52,14.51,14.75
2018-05-08,14.53,15.56,14.52,14.71
2018-05-09,14.54,14.63,13.38,13.42
2018-05-10,13.36,13.63,12.92,13.23
2018-05-11,13.22,13.44,12.65,12.65
2018-05-14,12.95,13.28,12.81,12.93
2018-05-15,13.13,15.01,12.5,14.63
2018-05-16,14.38,14.91,13.21,13.42
2018-05-17,13.54,13.86,12.65,13.43
2018-05-18,13.18,13.87,13.06,13.42
2018-05-21,13.44,13.59,12.78,13.08
2018-05-22,13.03,13.42,12.77,13.22
2018-05-23,13.5,14.6,12.49,12.58
2018-05-24,12.73,14.24,12.53,12.53
2018-05-25,12.44,13.52,12.29,13.22
2018-05-29,14.39,18.78,14.39,17.02
2018-05-30,16.6,16.64,14.65,14.94
2018-05-31,14.93,16.29,14.2,15.43
2018-06-01,14.92,14.93,13.37,13.46
2018-06-04,13.91,13.91,12.69,12.74
2018-06-05,12.91,13.34,12.3,12.4
2018-06-06,12.1,12.56,11.62,11.64
2018-06-07,11.66,13.28,11.22,12.13
2018-06-08,12.54,13.31,12.09,12.18
2018-06-11,12.52,12.69,12.14,12.35
2018-06-12,12.29,12.6,11.88,12.34
2018-06-13,12.13,12.95,11.98,12.94
2018-06-14,12.98,13.07,11.88,12.12
2018-06-15,12.19,13.16,11.93,11.98
2018-06-18,12.79,13.74,12.28,12.31
2018-06-19,14.61,14.68,13.21,13.35
2018-06-20,12.9,13.02,12.25,12.79
2018-06-21,12.54,15.18,12.18,14.64
2018-06-22,14.6,14.6,13.11,13.77
2018-06-25,15.07,19.61,14.56,17.33
2018-06-26,16.71,17.54,15.1,15.92
2018-06-27,16.52,18.19,14.76,17.91
2018-06-28,17.54,18.99,16.4,16.85
2018-06-29,15.73,16.51,14.66,16.09
2018-07-02,17.7,18.08,15.54,15.6
2018-07-03,15.37,16.45,14.68,16.14
2018-07-05,15.62,16.22,14.47,14.97
2018-07-06,14.99,15.45,13.34,13.37
2018-07-09,13.42,13.45,12.6,12.69
2018-07-10,12.52,13.21,11.93,12.64
2018-07-11,14.05,14.15,13.09,13.63
2018-07-12,13.07,13.33,12.42,12.58
2018-07-13,12.39,12.97,11.62,12.18
2018-07-16,12.46,12.97,12.13,12.83
2018-07-17,12.91,13.18,11.85,12.06
2018-07-18,11.87,12.47,11.44,12.1
2018-07-19,12.2,13.09,11.79,12.87
2018-07-20,13.0,13.58,12.49,12.86
2018-07-23,13.47,13.55,12.58,12.62
2018-07-24,12.61,13.21,11.66,12.41
2018-07-25,12.37,12.82,11.8,12.29
2018-07-26,12.45,12.53,11.78,12.14
2018-07-27,12.17,14.26,11.6,13.03
2018-07-30,13.63,14.46,12.98,14.26
2018-07-31,13.98,14.12,12.81,12.83
2018-08-01,13.09,13.63,12.45,13.15
2018-08-02,13.57,14.53,12.17,12.19
2018-08-03,12.43,12.46,11.07,11.64
2018-08-06,11.91,12.15,11.17,11.27
2018-08-07,11.12,11.24,10.52,10.93
2018-08-08,10.93,11.18,10.52,10.85
2018-08-09,10.94,11.31,10.17,11.27
2018-08-10,11.82,13.82,11.59,13.16
2018-08-13,14.5,15.02,12.95,14.78
2018-08-14,13.93,14.22,13.11,13.31
2018-08-15,13.52,16.86,13.44,14.64
2018-08-16,14.18,14.36,12.82,13.45
2018-08-17,13.18,13.96,12.4,12.64
2018-08-20,12.57,12.79,12.26,12.49
2018-08-21,12.47,12.89,12.09,12.86
2018-08-22,13.09,13.29,11.97,12.25
2018-08-23,12.03,12.68,11.65,12.41
2018-08-24,12.13,12.17,11.83,11.99
2018-08-27,12.37,12.48,12.02,12.16
2018-08-28,12.01,12.5,11.87,12.5
2018-08-29,12.34,12.55,12.09,12.25
2018-08-30,12.25,13.95,12.24,13.53
2018-08-31,13.54,14.03,12.82,12.86
2018-09-04,13.13,14.35,13.12,13.16
2018-09-05,13.69,14.3,13.23,13.91
2018-09-06,14.21,15.41,13.72,14.65
2018-09-07,14.72,15.63,14.31,14.88
2018-09-10,15.09,15.2,13.93,14.16
2018-09-11,13.96,14.92,13.21,13.22
2018-09-12,13.07,13.86,12.91,13.14
2018-09-13,12.91,12.91,12.3,12.37
2018-09-14,12.13,13.15,11.93,12.07
2018-09-17,12.72,13.75,12.32,13.68
2018-09-18,13.48,13.48,12.56,12.79
2018-09-19,12.61,12.77,11.66,11.75
2018-09-20,11.82,11.96,11.31,11.8
2018-09-21,11.76,12.03,11.1,11.68
2018-09-24,12.46,12.92,12.18,12.2
2018-09-25,12.28,12.6,11.8,12.42
2018-09-26,12.21,13.13,11.55,12.89
2018-09-27,12.77,13.0,11.94,12.41
2018-09-28,12.59,13.22,12.09,12.12
2018-10-01,11.99,12.4,11.57,12.0
2018-10-02,12.47,12.69,11.61,12.05
2018-10-03,11.66,12.14,11.34,11.61
2018-10-04,12.84,15.84,12.42,14.22
2018-10-05,14.29,17.36,11.72,14.82
2018-10-08,16.05,18.38,15.69,15.69
2018-10-09,16.12,17.49,15.27,15.95
2018-10-10,16.03,22.96,15.83,22.96
2018-10-11,23.07,28.84,20.65,24.98
2018-10-12,21.63,26.8,20.88,21.31
2018-10-15,21.97,22.89,19.47,21.3
2018-10-16,20.28,20.56,17.55,17.62
2018-10-17,17.06,19.55,17.06,17.4
2018-10-18,18.02,21.57,17.51,20.06
2018-10-19,19.24,21.08,18.39,19.89
2018-10-22,19.38,20.89,18.82,19.64
2018-10-23,22.18,24.66,20.18,20.71
2018-10-24,21.6,26.38,20.4,25.23
2018-10-25,24.78,24.78,22.06,24.22
2018-10-26,24.51,27.52,23.33,24.16
2018-10-29,24.48,27.86,22.01,24.7
2018-10-30,23.94,25.55,23.11,23.35
2018-10-31,22.72,22.8,20.39,21.23
2018-11-01,20.96,21.21,19.03,19.34
2018-11-02,18.52,21.61,18.05,19.51
2018-11-05,20.58,20.87,19.64,19.96
2018-11-06,19.84,20.6,19.69,19.91
2018-11-07,18.03,18.05,16.33,16.36
2018-11-08,16.18,17.2,16.09,16.72
2018-11-09,16.87,18.41,16.84,17.36
2018-11-12,17.26,20.71,17.25,20.45
2018-11-13,19.45,21.25,19.11,20.02
2018-11-14,20.52,22.36,19.3,21.25
2018-11-15,20.41,22.97,19.94,19.98
2018-11-16,20.04,21.36,18.1,18.14
2018-11-19,18.78,20.99,18.52,20.1
2018-11-20,20.76,23.81,20.37,22.48
2018-11-21,21.66,22.31,20.11,20.8
2018-11-23,21.23,22.65,20.65,21.52
2018-11-26,20.78,20.8,18.67,18.9
2018-11-27,19.41,19.93,18.7,19.02
2018-11-28,18.87,19.38,18.18,18.49
2018-11-29,18.65,20.48,18.59,18.79
2018-11-30,19.18,19.91,18.03,18.07
2018-12-03,16.04,17.28,15.94,16.44
2018-12-04,16.84,21.94,16.26,20.74
2018-12-06,23.53,25.94,20.94,21.19
2018-12-07,22.42,24.71,19.9,23.23
2018-12-10,23.95,25.94,22.5,22.64
2018-12-11,22.96,23.6,21.39,21.76
2018-12-12,21.91,21.91,20.5,21.46
2018-12-13,21.0,21.57,20.34,20.65
2018-12-14,21.57,22.47,20.95,21.63
2018-12-17,22.36,25.88,21.97,24.52
2018-12-18,24.68,26.14,23.64,25.58
2018-12-19,25.15,26.64,22.5,25.58
2018-12-20,26.09,30.3,24.68,28.38
2018-12-21,28.24,31.35,25.71,30.11
2018-12-24,29.29,36.1,29.16,36.07
2018-12-26,35.5,36.2,29.59,30.41
2018-12-27,31.2,33.8,29.66,29.96
2018-12-28,29.97,31.05,27.43,28.34
2018-12-31,27.59,27.64,25.33,25.42
2019-01-02,27.54,28.53,23.05,23.22
2019-01-03,25.68,26.6,24.05,25.45
2019-01-04,24.36,24.48,21.19,21.38
2019-01-07,22.06,22.71,20.91,21.4
2019-01-08,20.96,22.03,20.09,20.47
2019-01-09,20.44,22.8,19.48,19.98
2019-01-10,20.98,21.32,19.29,19.5
2019-01-11,19.68,20.16,18.12,18.19
2019-01-14,19.84,20.27,18.7,19.07
2019-01-15,18.53,19.2,17.98,18.6
2019-01-16,18.08,19.04,17.76,19.04
2019-01-17,19.51,19.72,17.85,18.06
2019-01-18,17.8,18.18,17.17,17.8
2019-01-22,18.53,21.15,18.2,20.8
2019-01-23,20.85,22.02,19.47,19.52
2019-01-24,19.69,20.25,18.63,18.89
2019-01-25,18.43,18.46,17.31,17.42
2019-01-28,18.56,20.42,18.42,18.87
2019-01-29,19.45,19.93,18.42,19.13
2019-01-30,19.15,19.31,17.54,17.66
2019-01-31,17.39,17.72,16.54,16.57
2019-02-01,16.63,16.83,16.08,16.14
2019-02-04,16.72,16.73,15.6,15.73
2019-02-05,15.79,15.94,15.04,15.57
2019-02-06,15.44,15.87,15.09,15.38
2019-02-07,15.66,17.89,15.51,16.37
2019-02-08,16.81,17.63,15.62,15.72
2019-02-11,16.17,16.5,15.34,15.97
2019-02-12,15.23,15.65,14.95,15.43
2019-02-13,15.46,15.91,15.0,15.65
2019-02-14,15.61,17.27,15.3,16.22
2019-02-15,16.82,16.82,14.79,14.91
2019-02-19,15.65,16.16,14.64,14.88
2019-02-20,14.92,15.19,13.99,14.02
2019-02-21,14.0,15.17,13.85,14.46
2019-02-22,14.46,14.47,13.51,13.51
2019-02-25,13.91,14.9,13.44,14.85
2019-02-26,15.16,15.28,14.52,15.17
2019-02-27,15.53,16.17,14.7,14.7
2019-02-28,15.17,15.24,14.39,14.78
2019-03-01,14.57,14.84,13.41,13.57
2019-03-04,13.77,16.98,13.38,14.63
2019-03-05,14.52,15.39,14.26,14.74
2019-03-06,14.91,16.11,14.74,15.74
2019-03-07,16.33,17.81,15.54,16.59
2019-03-08,17.38,18.33,16.02,16.05
2019-03-11,16.28,16.43,14.33,14.33
2019-03-12,13.97,14.7,13.61,13.77
2019-03-13,14.0,14.05,13.25,13.41
2019-03-14,13.35,13.84,13.16,13.5
2019-03-15,13.21,13.28,12.5,12.88
2019-03-18,13.13,13.8,13.0,13.1
2019-03-19,12.89,13.77,12.37,13.56
2019-03-20,13.54,14.3,13.05,13.91
2019-03-21,14.11,14.56,13.26,13.63
2019-03-22,13.77,17.52,13.62,16.48
2019-03-25,17.76,17.85,16.26,16.33
2019-03-26,16.22,16.3,14.67,14.68
2019-03-27,14.52,16.71,14.51,15.15
2019-03-28,15.38,15.62,14.41,14.43
2019-03-29,14.19,14.43,13.64,13.71
2019-04-01,13.9,14.01,13.32,13.4
2019-04-02,13.62,13.68,13.13,13.36
2019-04-03,13.06,14.27,12.85,13.74
2019-04-04,13.84,14.03,13.4,13.58
2019-04-05,13.46,13.47,12.17,12.82
2019-04-08,13.55,13.77,13.1,13.18
2019-04-09,13.46,14.39,13.31,14.28
2019-04-10,14.09,14.29,13.27,13.3
2019-04-11,13.37,13.58,12.91,13.02
2019-04-12,12.96,12.96,11.95,12.01
2019-04-15,12.46,13.14,12.24,12.32
2019-04-16,12.26,12.47,11.85,12.18
2019-04-17,12.12,13.02,11.03,12.6
2019-04-18,12.8,13.12,12.02,12.09
2019-04-22,13.21,13.36,12.38,12.42
2019-04-23,12.66,12.69,12.08,12.28
2019-04-24,12.53,13.23,12.26,13.14
2019-04-25,13.29,14.3,12.81,13.25
2019-04-26,13.44,13.62,12.49,12.73
2019-04-29,13.04,13.27,12.65,13.11
2019-04-30,13.11,14.05,12.88,13.12
2019-05-01,12.86,14.83,12.74,14.8
2019-05-02,14.35,15.92,13.8,14.42
2019-05-03,14.11,14.15,12.8,12.87
2019-05-06,12.89,18.8,12.89,15.44
2019-05-07,15.9,21.84,15.8,19.32
2019-05-08,18.95,21.74,18.29,19.4
2019-05-09,21.4,23.38,18.87,19.1
2019-05-10,18.79,20.19,15.57,16.04
2019-05-13,18.62,21.32,18.35,20.55
2019-05-14,19.4,19.65,17.45,18.06
2019-05-15,17.57,19.15,16.41,16.44
2019-05-16,16.69,17.13,15.16,15.29
2019-05-17,15.89,16.81,14.86,15.96
2019-05-20,15.88,17.63,15.46,16.31
2019-05-21,15.86,16.22,14.79,14.95
2019-05-22,15.06,15.44,14.42,14.75
2019-05-23,15.93,18.05,15.28,16.92
2019-05-24,16.34,16.52,15.52,15.85
2019-05-28,16.55,17.7,15.9,17.5
2019-05-29,18.55,19.04,17.62,17.9
2019-05-30,17.47,18.11,16.72,17.3
2019-05-31,19.05,19.72,18.01,18.71
2019-06-03,19.41,19.75,18.16,18.86
2019-06-04,18.74,18.74,16.97,16.97
2019-06-05,17.06,17.49,16.04,16.09
2019-06-06,16.25,16.54,15.36,15.93
2019-06-07,15.65,16.44,15.33,16.3
2019-06-10,16.3,16.47,15.84,15.94
2019-06-11,15.84,16.7,15.5,15.99
2019-06-12,16.26,16.43,15.78,15.91
2019-06-13,16.16,16.21,15.61,15.82
2019-06-14,16.0,16.4,15.21,15.28
2019-06-17,15.65,15.76,15.24,15.35
2019-06-18,14.89,15.54,14.62,15.15
2019-06-19,15.05,15.71,14.15,14.33
2019-06-20,14.04,16.03,13.19,14.75
2019-06-21,14.74,15.48,14.42,15.4
2019-06-24,15.46,15.56,15.23,15.26
2019-06-25,15.43,16.68,15.1,16.28
2019-06-26,16.1,16.6,15.47,16.21
2019-06-27,15.66,16.4,15.66,15.82
2019-06-28,15.7,16.13,15.08,15.08
2019-07-01,13.85,14.64,13.8,14.06
2019-07-02,14.16,14.3,12.9,12.93
2019-07-03,13.18,13.19,12.56,12.57
2019-07-05,13.0,14.47,12.04,13.28
2019-07-08,13.73,14.44,13.64,13.96
2019-07-09,14.47,14.71,13.99,14.09
2019-07-10,14.38,14.69,12.98,13.03
2019-07-11,13.01,13.33,12.39,12.93
2019-07-12,12.76,12.82,12.28,12.39
2019-07-15,12.58,13.02,12.49,12.68
2019-07-16,12.61,13.14,12.28,12.86
2019-07-17,12.62,13.97,12.24,13.97
2019-07-18,14.45,14.5,13.19,13.53
2019-07-19,13.31,14.45,13.09,14.45
2019-07-22,14.55,14.7,13.42,13.53
2019-07-23,13.42,13.52,12.55,12.61
2019-07-24,12.8,13.1,11.98,12.07
2019-07-25,12.24,13.54,11.69,12.74
2019-07-26,12.58,12.72,12.01,12.16
2019-07-29,12.15,13.17,12.15,12.83
2019-07-30,12.87,14.18,12.87,13.94
2019-07-31,13.83,16.55,13.46,16.12
2019-08-01,15.41,19.46,13.73,17.87
2019-08-02,17.69,20.11,17.04,17.61
2019-08-05,19.96,24.81,19.91,24.59
2019-08-06,22.29,22.87,19.77,20.17
2019-08-07,20.7,23.67,18.94,19.49
2019-08-08,19.36,19.89,16.82,16.91
2019-08-09,18.14,19.44,17.31,17.97
2019-08-12,17.87,21.26,17.77,21.09
2019-08-13,21.28,21.64,17.52,17.52
2019-08-14,17.81,22.71,17.75,22.1
2019-08-15,21.58,24.1,20.78,21.18
2019-08-16,20.48,20.5,18.41,18.47
2019-08-19,17.93,18.22,16.52,16.88
2019-08-20,16.78,17.7,16.45,17.5
2019-08-21,17.01,17.04,15.51,15.8
2019-08-22,16.12,17.68,15.63,16.68
2019-08-23,16.15,21.07,16.04,19.87
2019-08-26,20.34,21.33,19.06,19.32
2019-08-27,20.18,21.04,18.49,20.31
2019-08-28,20.55,21.64,19.1,19.35
2019-08-29,19.02,19.2,17.6,17.88
2019-08-30,17.94,19.18,17.09,18.98
2019-09-03,20.96,21.15,19.41,19.66
2019-09-04,18.23,18.83,17.26,17.33
2019-09-05,16.92,17.05,15.45,16.27
2019-09-06,15.92,16.06,14.91,15.0
2019-09-09,15.26,16.13,14.95,15.27
2019-09-10,15.53,16.52,15.11,15.2
2019-09-11,15.33,15.52,14.55,14.61
2019-09-12,14.69,14.94,13.85,14.22
2019-09-13,14.16,14.31,13.51,13.74
2019-09-16,14.89,15.29,14.5,14.67
2019-09-17,14.92,15.03,14.4,14.44
2019-09-18,14.61,15.8,13.8,13.95
2019-09-19,14.66,14.66,13.31,14.05
2019-09-20,13.94,15.84,13.35,15.32
2019-09-23,15.35,16.0,14.71,14.91
2019-09-24,14.77,17.62,14.33,17.05
2019-09-25,17.05,18.45,15.69,15.96
2019-09-26,16.23,17.09,15.35,16.07
2019-09-27,15.77,18.69,15.15,17.22
2019-09-30,17.23,17.35,16.2,16.24
2019-10-01,16.02,18.62,15.79,18.56
2019-10-02,18.75,21.46,18.75,20.56
2019-10-03,20.11,21.44,19.03,19.12
2019-10-04,19.42,19.97,16.97,17.04
2019-10-07,18.27,18.52,16.44,17.86
2019-10-08,17.61,20.38,17.42,20.28
2019-10-09,19.94,20.0,17.77,18.64
2019-10-10,19.28,19.8,17.56,17.57
2019-10-11,17.35,17.44,15.11,15.58
2019-10-14,15.66,16.5,14.51,14.57
2019-10-15,13.94,14.43,13.39,13.54
2019-10-16,13.94,14.26,13.6,13.68
2019-10-17,13.79,14.18,13.31,13.79
2019-10-18,14.2,15.16,13.78,14.25
2019-10-21,14.24,14.63,14.0,14.0
2019-10-22,13.99,14.61,13.7,14.46
2019-10-23,14.83,15.12,14.01,14.01
2019-10-24,13.98,14.34,13.4,13.71
2019-10-25,13.53,13.79,12.62,12.65
2019-10-28,13.01,13.14,12.66,13.11
2019-10-29,13.16,13.52,13.07,13.2
2019-10-30,13.23,13.77,12.27,12.33
2019-10-31,12.21,13.95,12.19,13.22
2019-11-01,12.99,13.12,12.25,12.3
2019-11-04,12.68,13.13,12.44,12.83
2019-11-05,12.85,13.28,12.25,13.1
2019-11-06,13.18,13.39,12.6,12.62
2019-11-07,12.59,12.89,12.26,12.73
2019-11-08,12.98,13.05,12.0,12.07
2019-11-11,13.15,13.49,12.66,12.69
2019-11-12,12.64,13.1,12.36,12.68
2019-11-13,12.91,13.9,12.88,13.0
2019-11-14,13.16,13.81,12.93,13.05
2019-11-15,12.95,12.97,11.92,12.05
2019-11-18,12.39,13.1,12.32,12.46
2019-11-19,12.33,13.01,12.16,12.86
2019-11-20,13.42,14.17,12.61,12.78
2019-11-21,13.35,13.86,12.49,13.13
2019-11-22,12.82,13.25,12.33,12.34
2019-11-25,12.51,12.59,11.73,11.87
2019-11-26,11.88,12.04,11.42,11.54
2019-11-27,11.55,11.79,11.44,11.75
2019-11-29,12.5,12.83,12.12,12.62
2019-12-02,12.69,15.27,12.55,14.91
2019-12-03,14.68,17.99,14.61,15.96
2019-12-04,16.38,16.4,14.12,14.8
2019-12-05,14.46,15.37,14.17,14.52
2019-12-06,14.37,14.47,13.19,13.62
2019-12-09,14.25,16.07,12.25,15.86
2019-12-10,15.8,16.9,14.93,15.68
2019-12-11,15.57,15.97,14.98,14.99
2019-12-12,14.94,15.55,13.6,13.94
2019-12-13,13.18,14.35,12.54,12.63
2019-12-16,12.47,12.53,11.71,12.14
2019-12-17,12.23,12.47,11.9,12.29
2019-12-18,12.24,12.7,11.93,12.58
2019-12-19,12.55,12.78,12.43,12.5
2019-12-20,12.55,12.61,12.04,12.51
2019-12-23,12.81,12.9,12.41,12.61
2019-12-24,12.65,12.84,12.56,12.67
2019-12-26,12.74,12.75,11.72,12.65
2019-12-27,12.61,13.72,11.89,13.43
2019-12-30,13.74,15.14,13.44,14.82
2019-12-31,14.84,15.39,13.75,13.78
2020-01-02,13.46,13.72,12.42,12.47
2020-01-03,15.01,16.2,13.13,14.02
2020-01-06,15.45,16.39,13.54,13.85
2020-01-07,13.84,14.46,13.39,13.79
2020-01-08,15.16,15.24,12.83,13.45
2020-01-09,12.95,13.24,12.53,12.54
2020-01-10,12.42,12.87,12.09,12.56
2020-01-13,12.84,13.09,12.32,12.32
2020-01-14,12.72,13.82,12.05,12.39
2020-01-15,12.79,12.83,11.95,12.42
2020-01-16,12.2,12.42,11.78,12.32
2020-01-17,12.21,12.48,11.75,12.1
2020-01-21,13.23,13.33,12.32,12.85
2020-01-22,12.45,13.01,12.31,12.91
2020-01-23,13.26,14.15,12.94,12.98
2020-01-24,12.75,15.98,12.62,14.56
2020-01-27,17.42,19.02,16.82,18.23
2020-01-28,16.94,18.03,15.69,16.28
2020-01-29,15.68,16.65,14.94,16.39
2020-01-30,17.82,18.39,15.3,15.49
2020-01-31,16.25,19.99,16.18,18.84
2020-02-03,18.64,18.88,17.1,17.97
2020-02-04,16.45,16.46,15.63,16.05
2020-02-05,16.29,16.32,15.02,15.15
2020-02-06,15.13,15.66,14.7,14.96
2020-02-07,15.07,16.16,14.81,15.47
2020-02-10,15.88,16.43,15.01,15.04
2020-02-11,14.91,15.27,14.38,15.18
2020-02-12,14.86,14.88,13.73,13.74
2020-02-13,14.43,15.44,14.0,14.15
2020-02-14,14.12,14.54,13.38,13.68
2020-02-18,14.98,15.49,14.53,14.83
2020-02-19,14.66,14.74,14.21,14.38
2020-02-20,14.54,17.21,14.49,15.56
2020-02-21,17.33,18.21,16.19,17.08
2020-02-24,22.25,26.35,22.0,25.03
2020-02-25,22.19,30.25,22.19,27.85
2020-02-26,26.63,29.57,24.76,27.56
2020-02-27,28.95,39.31,27.79,39.16
2020-02-28,42.02,49.48,39.37,40.11
2020-03-02,34.86,43.77,31.5,33.42
2020-03-03,33.64,41.06,24.93,36.82
2020-03-04,34.44,35.58,30.3,31.99
2020-03-05,33.61,42.84,33.54,39.62
2020-03-06,41.46,54.39,40.84,41.94
2020-03-09,41.94,62.12,41.94,54.46
2020-03-10,49.68,55.66,43.56,47.3
2020-03-11,52.24,55.82,49.98,53.9
2020-03-12,61.46,76.83,59.91,75.47
2020-03-13,71.31,77.57,55.17,57.83
2020-03-16,57.83,83.56,57.83,82.69
2020-03-17,82.69,84.83,70.37,75.91
2020-03-18,69.37,85.47,69.37,76.45
2020-03-19,80.62,84.26,68.57,72.0
2020-03-20,67.86,69.51,57.42,66.04
2020-03-23,74.08,76.74,60.46,61.59
2020-03-24,58.76,61.88,36.24,61.67
2020-03-25,61.44,68.86,58.03,63.95
2020-03-26,65.67,67.06,57.66,61.0
2020-03-27,64.95,69.1,61.8,65.54
2020-03-30,66.3,67.69,56.6,57.08
2020-03-31,56.69,58.75,50.88,53.54
2020-04-01,57.38,60.59,52.76,57.06
2020-04-02,54.46,57.24,50.45,50.91
2020-04-03,51.11,52.29,46.74,46.8
2020-04-06,44.17,45.73,43.45,45.24
2020-04-07,44.83,47.51,43.51,46.7
2020-04-08,45.9,47.28,42.53,43.35
2020-04-09,43.0,45.73,41.39,41.67
2020-04-13,44.6,45.04,41.17,41.17
2020-04-14,40.24,40.57,37.31,37.76
2020-04-15,39.4,43.23,39.34,40.84
2020-04-16,41.92,43.02,39.87,40.11
2020-04-17,39.5,40.26,37.63,38.15
2020-04-20,40.68,43.83,39.88,43.83
2020-04-21,44.28,47.77,43.77,45.41
2020-04-22,44.91,45.07,41.41,41.98
2020-04-23,41.3,42.47,39.06,41.38
2020-04-24,41.91,42.08,35.6,35.93
2020-04-27,36.29,36.44,32.51,33.29
2020-04-28,33.21,35.39,30.54,33.57
2020-04-29,32.48,33.19,30.71,31.23
2020-04-30,30.99,35.94,30.93,34.15
2020-05-01,38.17,39.57,36.59,37.19
2020-05-04,39.13,40.32,35.53,35.97
2020-05-05,34.82,36.22,31.95,33.61
2020-05-06,32.69,35.69,31.68,34.12
2020-05-07,32.12,32.28,30.37,31.44
2020-05-08,30.14,30.39,27.89,27.98
2020-05-11,28.46,31.46,26.97,27.57
2020-05-12,28.47,33.04,26.0,33.04
2020-05-13,32.74,37.42,30.77,35.28
2020-05-14,35.16,39.28,32.33,32.61
2020-05-15,32.5,35.13,31.04,31.89
2020-05-18,30.71,31.08,28.35,29.3
2020-05-19,28.73,30.74,28.37,30.53
2020-05-20,29.52,29.83,27.83,27.99
2020-05-21,28.97,30.2,27.67,29.53
2020-05-22,31.36,31.55,28.03,28.16
2020-05-26,27.72,28.58,27.18,28.01
2020-05-27,27.62,30.53,25.92,27.62
2020-05-28,27.82,29.89,27.43,28.59
2020-05-29,29.3,30.16,27.29,27.51
2020-06-01,28.94,30.6,28.11,28.23
2020-06-02,28.4,28.52,26.66,26.84
2020-06-03,26.75,26.98,25.04,25.66
2020-06-04,26.23,26.43,24.38,25.81
2020-06-05,24.79,25.09,23.54,24.52
2020-06-08,25.56,25.98,24.65,25.81
2020-06-09,25.93,27.7,25.71,27.57
2020-06-10,26.73,29.01,26.06,27.57
2020-06-11,30.45,42.58,29.49,40.79
2020-06-12,37.68,44.16,34.97,36.09
2020-06-15,44.09,44.44,34.28,34.4
2020-06-16,34.28,37.45,31.73,33.67
2020-06-17,33.28,35.17,32.25,33.47
2020-06-18,33.83,36.25,32.24,32.94
2020-06-19,32.07,35.12,30.4,35.12
2020-06-22,35.22,35.39,31.64,31.77
2020-06-23,31.71,31.71,29.26,31.37
2020-06-24,31.05,37.12,30.95,33.84
2020-06-25,36.59,36.93,31.59,32.22
2020-06-26,33.01,36.25,31.04,34.73
2020-06-29,35.05,36.31,31.78,31.78
2020-06-30,32.54,32.94,29.56,30.43
2020-07-01,30.96,31.76,28.2,28.62
2020-07-02,28.33,28.44,25.9,27.68
2020-07-06,27.76,28.33,24.92,27.94
2020-07-07,28.77,29.63,27.25,29.43
2020-07-08,28.95,30.2,27.24,28.08
2020-07-09,28.18,31.48,26.11,29.26
2020-07-10,30.86,30.91,27.13,27.29
2020-07-13,27.85,32.45,26.87,32.19
2020-07-14,31.14,33.67,29.21,29.52
2020-07-15,29.15,30.09,27.17,27.76
2020-07-16,28.41,29.29,26.98,28.0
2020-07-17,27.15,27.54,25.41,25.68
2020-07-20,26.94,27.08,24.35,24.46
2020-07-21,24.08,25.65,23.61,24.84
2020-07-22,24.56,26.26,24.13,24.32
2020-07-23,23.97,26.95,23.6,26.08
2020-07-24,27.96,28.58,25.53,25.84
2020-07-27,26.6,26.94,24.55,24.74
2020-07-28,24.86,25.85,24.05,25.44
2020-07-29,25.16,25.42,23.73,24.1
2020-07-30,25.04,28.29,24.64,24.76
2020-07-31,24.79,26.41,23.55,24.46
2020-08-03,25.75,26.01,22.17,24.28
2020-08-04,24.01,24.76,22.92,23.76
2020-08-05,23.44,23.61,22.86,22.99
2020-08-06,23.03,24.11,20.97,22.65
2020-08-07,23.45,24.02,22.02,22.21
2020-08-10,22.88,23.52,21.46,22.13
2020-08-11,21.85,24.93,20.28,24.03
2020-08-12,22.82,22.88,21.54,22.28
2020-08-13,22.2,22.92,21.45,22.13
2020-08-14,22.27,23.55,21.79,22.05
2020-08-17,22.52,22.82,21.34,21.35
2020-08-18,21.69,22.55,21.18,21.51
2020-08-19,21.6,22.98,20.99,22.54
2020-08-20,24.1,24.6,22.37,22.72
2020-08-21,22.58,24.47,22.06,22.54
2020-08-24,22.87,23.18,21.25,22.37
2020-08-25,22.16,23.43,21.53,22.03
2020-08-26,22.14,23.27,20.92,23.27
2020-08-27,23.42,27.09,21.44,24.47
2020-08-28,24.59,26.3,22.64,22.96
2020-08-31,23.91,26.5,21.77,26.41
2020-09-01,25.86,26.59,25.02,26.12
2020-09-02,26.01,27.07,25.53,26.57
2020-09-03,26.28,35.94,25.66,33.6
2020-09-04,34.62,38.28,29.5,30.75
2020-09-08,30.61,35.93,30.52,31.46
2020-09-09,31.68,31.78,28.12,28.81
2020-09-10,28.67,30.56,27.59,29.71
2020-09-11,28.63,29.73,26.51,26.87
2020-09-14,25.86,26.79,25.38,25.85
2020-09-15,25.92,26.0,24.92,25.59
2020-09-16,25.31,26.59,24.84,26.04
2020-09-17,28.22,28.92,26.26,26.46
2020-09-18,26.65,28.1,25.28,25.83
2020-09-21,28.04,31.18,27.39,27.78
2020-09-22,28.61,28.78,26.48,26.86
2020-09-23,27.02,29.73,25.19,28.58
2020-09-24,29.54,30.49,27.94,28.51
2020-09-25,28.17,30.43,26.02,26.38
2020-09-28,27.15,27.19,24.9,26.19
2020-09-29,26.81,27.43,25.98,26.27
2020-09-30,26.69,27.12,25.06,26.37
2020-10-01,25.78,27.11,25.33,26.7
2020-10-02,28.87,29.9,26.93,27.63
2020-10-05,29.52,29.69,27.27,27.96
2020-10-06,28.05,30.0,26.01,29.48
2020-10-07,29.26,29.76,27.94,28.06
2020-10-08,27.65,27.99,24.88,26.36
2020-10-09,26.2,26.22,24.03,25.0
2020-10-12,25.65,25.65,24.14,25.07
2020-10-13,25.67,26.93,25.16,26.07
2020-10-14,25.72,27.23,25.53,26.4
2020-10-15,27.1,29.06,26.82,26.97
2020-10-16,27.16,27.46,26.19,27.41
2020-10-19,27.36,29.69,27.04,29.18
2020-10-20,28.81,29.6,28.29,29.35
2020-10-21,29.12,30.55,28.37,28.65
2020-10-22,30.1,30.12,27.68,28.11
2020-10-23,28.47,28.67,27.26,27.55
2020-10-26,29.38,33.68,29.22,32.46
2020-10-27,32.04,33.77,31.85,33.35
2020-10-28,34.69,40.77,34.68,40.28
2020-10-29,38.8,41.16,35.63,37.59
2020-10-30,40.81,41.09,36.5,38.02
2020-11-02,38.57,38.78,36.13,37.13
2020-11-03,36.44,36.44,34.19,35.55
2020-11-04,36.79,36.85,28.03,29.57
2020-11-05,27.56,28.14,26.04,27.58
2020-11-06,27.87,29.44,24.56,24.86
2020-11-09,24.8,25.82,22.41,25.75
2020-11-10,25.36,26.77,24.35,24.8
2020-11-11,25.01,25.12,22.57,23.45
2020-11-12,24.39,27.27,23.53,25.35
2020-11-13,24.94,25.03,22.74,23.1
2020-11-16,23.66,24.08,22.43,22.45
2020-11-17,22.84,24.09,22.34,22.71
2020-11-18,22.86,23.92,21.66,23.84
2020-11-19,23.62,24.52,22.56,23.11
2020-11-20,23.43,23.73,22.13,23.7
2020-11-23,23.66,23.96,22.45,22.66
2020-11-24,22.04,22.48,20.8,21.64
2020-11-25,21.65,22.5,21.13,21.25
2020-11-27,21.52,21.6,19.51,20.84
2020-11-30,22.64,22.89,20.48,20.57
2020-12-01,20.21,20.92,20.0,20.77
2020-12-02,21.0,21.25,20.04,21.17
2020-12-03,21.24,21.88,20.72,21.28
2020-12-04,21.05,21.15,19.97,20.79
2020-12-07,22.04,22.62,21.17,21.3
2020-12-08,21.65,22.25,20.52,20.68
2020-12-09,20.66,22.93,20.1,22.27
2020-12-10,22.12,23.46,21.53,22.52
2020-12-11,22.49,25.14,22.48,23.31
2020-12-14,22.67,24.82,21.95,24.72
2020-12-15,24.0,24.07,22.73,22.89
2020-12-16,22.51,23.67,22.29,22.5
2020-12-17,21.98,22.27,21.52,21.93
2020-12-18,22.15,23.77,21.57,21.57
2020-12-21,24.25,31.46,24.23,25.16
2020-12-22,25.24,25.56,23.53,24.23
2020-12-23,23.49,23.68,22.13,23.31
2020-12-24,22.47,22.83,21.39,21.53
2020-12-28,22.11,22.12,21.15,21.7
2020-12-29,21.61,23.72,20.99,23.08
2020-12-30,22.58,23.15,22.41,22.77
2020-12-31,22.99,23.25,21.24,22.75
2021-01-04,23.04,29.19,22.56,26.97
2021-01-05,26.94,28.6,24.8,25.34
2021-01-06,25.48,26.77,22.14,25.07
2021-01-07,23.67,23.91,22.25,22.37
2021-01-08,22.43,23.34,21.42,21.56
2021-01-11,23.31,24.81,23.23,24.08
2021-01-12,23.49,25.15,22.83,23.33
2021-01-13,23.07,24.18,21.92,22.21
2021-01-14,22.22,23.47,21.66,23.25
2021-01-15,23.52,25.8,23.08,24.34
2021-01-19,23.03,23.56,22.53,23.24
2021-01-20,22.82,22.86,21.37,21.58
2021-01-21,21.34,22.22,21.09,21.32
2021-01-22,22.24,23.73,21.27,21.91
2021-01-25,22.31,26.63,22.2,23.19
2021-01-26,23.91,23.94,22.55,23.02
2021-01-27,23.82,37.21,23.71,37.21
2021-01-28,33.25,36.29,27.39,30.21
2021-01-29,35.16,37.51,29.24,33.09
2021-02-01,31.45,33.96,29.03,30.24
2021-02-02,28.01,28.08,25.31,25.56
2021-02-03,24.59,25.43,22.91,22.91
2021-02-04,23.44,23.44,21.68,21.77
2021-02-05,21.99,22.16,20.86,20.87
2021-02-08,21.89,22.07,21.23,21.24
2021-02-09,21.57,22.26,20.65,21.63
2021-02-10,21.64,23.85,19.69,21.99
2021-02-11,22.09,23.25,21.11,21.25
2021-02-12,21.6,22.45,19.95,19.97
2021-02-16,21.13,22.46,20.88,21.46
2021-02-17,22.02,23.44,21.09,21.5
2021-02-18,21.98,24.23,21.8,22.49
2021-02-19,23.1,23.19,20.84,22.05
2021-02-22,24.46,25.09,21.96,23.45
2021-02-23,22.82,27.01,22.5,23.11
2021-02-24,23.76,25.04,21.31,21.34
2021-02-25,21.73,31.16,21.52,28.89
2021-02-26,28.73,30.82,25.23,27.95
2021-03-01,25.2,25.39,23.17,23.35
2021-03-02,23.58,24.6,22.8,24.1
2021-03-03,22.8,26.79,22.45,26.67
2021-03-04,26.52,31.9,24.93,28.57
2021-03-05,29.48,30.03,24.33,24.66
2021-03-08,27.61,28.39,24.07,25.47
2021-03-09,25.11,25.25,22.9,24.03
2021-03-10,23.76,23.87,22.38,22.56
2021-03-11,22.5,22.5,21.45,21.91
2021-03-12,22.57,22.99,20.63,20.69
2021-03-15,21.84,21.86,19.87,20.03
2021-03-16,20.14,20.31,19.33,19.79
2021-03-17,20.1,20.95,19.18,19.23
2021-03-18,18.95,22.6,18.95,21.58
2021-03-19,21.43,23.17,19.9,20.95
2021-03-22,21.91,22.29,18.87,18.88
2021-03-23,19.46,21.58,18.8,20.3
2021-03-24,20.64,21.49,19.3,21.2
2021-03-25,20.8,23.55,19.81,19.81
2021-03-26,19.32,21.49,18.68,18.86
2021-03-29,20.4,21.6,19.42,20.74
2021-03-30,20.76,21.75,19.47,19.61
2021-03-31,19.8,20.11,18.85,19.4
2021-04-01,18.6,18.64,17.29,17.33
2021-04-05,18.16,18.4,17.35,17.91
2021-04-06,18.07,18.3,17.37,18.12
2021-04-07,17.99,18.17,16.87,17.16
2021-04-08,16.92,17.36,16.55,16.95
2021-04-09,17.05,17.34,16.2,16.69
2021-04-12,17.43,17.91,16.81,16.91
2021-04-13,16.99,17.86,16.43,16.65
2021-04-14,16.71,17.69,15.38,16.99
2021-04-15,16.78,16.92,15.94,16.57
2021-04-16,16.65,16.88,16.05,16.25
2021-04-19,17.04,18.61,16.78,17.29
2021-04-20,17.36,19.7,17.24,18.68
2021-04-21,18.48,19.29,16.91,17.5
2021-04-22,17.28,19.9,16.99,18.71
2021-04-23,18.56,18.78,16.8,17.33
2021-04-26,17.94,18.17,16.87,17.64
2021-04-27,17.62,18.16,16.97,17.56
2021-04-28,17.47,17.84,16.67,17.28
2021-04-29,16.88,18.87,16.77,17.61
2021-04-30,17.67,19.25,17.64,18.61
2021-05-03,18.65,19.12,17.8,18.31
2021-05-04,18.16,21.85,18.11,19.48
2021-05-05,18.84,19.58,17.89,19.15
2021-05-06,18.41,20.6,18.21,18.39
2021-05-07,18.45,18.57,16.68,16.69
2021-05-10,17.34,19.75,17.07,19.66
2021-05-11,21.17,23.73,20.71,21.84
2021-05-12,22.42,28.38,21.66,27.59
2021-05-13,26.03,28.93,22.23,23.13
2021-05-14,21.77,22.1,18.66,18.81
2021-05-17,19.89,21.58,19.67,19.72
2021-05-18,18.89,21.45,18.81,21.34
2021-05-19,22.46,25.96,21.88,22.18
2021-05-20,22.33,23.5,20.19,20.67
2021-05-21,20.42,20.89,19.53,20.15
2021-05-24,20.5,20.51,18.38,18.4
2021-05-25,18.35,19.29,16.87,18.84
2021-05-26,18.37,18.92,17.35,17.36
2021-05-27,18.03,18.17,16.52,16.74
2021-05-28,16.8,16.86,15.9,16.76
2021-06-01,17.24,18.53,15.68,17.9
2021-06-02,17.86,18.31,16.74,17.48
2021-06-03,17.73,19.27,17.45,18.04
2021-06-04,18.09,18.42,16.18,16.42
2021-06-07,17.34,17.35,15.78,16.42
2021-06-08,16.58,17.75,15.15,17.07
2021-06-09,17.18,17.96,15.55,17.89
2021-06-10,18.18,18.29,16.01,16.1
2021-06-11,16.18,16.2,15.15,15.65
2021-06-14,16.04,17.04,15.04,16.39
2021-06-15,16.27,17.35,16.14,17.02
2021-06-16,16.99,19.11,16.42,18.15
2021-06-17,18.49,19.22,16.71,17.75
2021-06-18,16.96,21.04,16.92,20.7
2021-06-21,21.74,21.82,17.81,17.89
2021-06-22,17.91,18.32,15.76,16.66
2021-06-23,16.25,16.84,14.86,16.32
2021-06-24,15.99,16.05,14.19,15.97
2021-06-25,16.04,16.17,15.21,15.62
2021-06-28,16.07,16.46,15.39,15.76
2021-06-29,15.69,16.31,14.1,16.02
2021-06-30,16.18,17.31,15.58,15.83
2021-07-01,15.62,16.01,15.31,15.48
2021-07-02,15.53,15.54,14.25,15.07
2021-07-06,15.77,17.94,15.73,16.44
2021-07-07,16.43,17.64,16.08,16.2
2021-07-08,17.74,21.29,17.74,19.0
2021-07-09,17.88,18.13,16.08,16.18
2021-07-12,16.85,17.52,16.14,16.17
2021-07-13,16.39,17.23,15.94,17.12
2021-07-14,17.34,17.51,15.95,16.33
2021-07-15,16.7,18.09,16.56,17.01
2021-07-16,16.8,18.7,16.03,18.45
2021-07-19,19.61,25.09,19.27,22.5
2021-07-20,20.89,22.97,19.37,19.73
2021-07-21,19.73,19.82,17.81,17.91
2021-07-22,17.59,18.45,17.4,17.69
2021-07-23,16.98,17.48,16.33,17.2
2021-07-26,18.67,19.39,17.53,17.58
2021-07-27,18.62,20.44,18.25,19.36
2021-07-28,19.41,19.62,17.52,18.31
2021-07-29,17.91,18.01,17.19,17.7
2021-07-30,19.69,19.72,17.53,18.24
2021-08-02,18.16,19.87,17.99,19.46
2021-08-03,19.17,20.44,17.7,18.04
2021-08-04,18.23,18.9,17.67,17.97
2021-08-05,17.73,17.84,17.23,17.28
2021-08-06,17.46,17.5,16.14,16.15
2021-08-09,17.12,17.39,16.59,16.72
2021-08-10,16.82,17.05,16.34,16.79
2021-08-11,16.81,17.09,15.87,16.06
2021-08-12,16.33,16.42,15.49,15.59
2021-08-13,15.68,15.72,15.19,15.45
2021-08-16,17.05,17.71,16.02,16.12
2021-08-17,17.31,19.56,16.71,17.91
2021-08-18,17.56,21.64,17.31,21.57
2021-08-19,23.12,24.74,20.37,21.67
2021-08-20,22.74,23.9,18.18,18.56
2021-08-23,18.83,18.95,16.95,17.15
2021-08-24,16.96,17.51,16.94,17.22
2021-08-25,17.42,17.5,16.46,16.79
2021-08-26,17.46,19.27,17.16,18.84
2021-08-27,17.95,18.22,16.11,16.39
2021-08-30,16.77,16.8,15.98,16.19
2021-08-31,15.98,17.07,15.91,16.48
2021-09-01,16.06,16.71,15.68,16.11
2021-09-02,16.27,16.98,15.73,16.41
2021-09-03,16.27,17.06,16.08,16.41
2021-09-07,16.94,18.39,16.89,18.14
2021-09-08,18.97,19.64,17.78,17.96
2021-09-09,19.44,19.54,17.17,18.8
2021-09-10,17.94,21.13,16.99,20.95
2021-09-13,19.64,21.18,18.76,19.37
2021-09-14,19.58,20.47,18.39,19.46
2021-09-15,19.3,20.27,18.01,18.18
2021-09-16,18.41,19.76,17.65,18.69
2021-09-17,18.37,21.51,18.35,20.81
2021-09-20,24.25,28.79,23.9,25.71
2021-09-21,23.41,25.6,21.71,24.36
2021-09-22,22.72,23.4,20.75,20.87
2021-09-23,19.91,20.21,18.42,18.63
2021-09-24,19.33,20.41,17.63,17.75
2021-09-27,17.78,19.32,17.74,18.76
2021-09-28,19.74,24.82,19.71,23.25
2021-09-29,22.07,23.79,21.45,22.56
2021-09-30,21.48,24.71,20.6,23.14
2021-10-01,24.78,24.89,20.64,21.15
2021-10-04,22.9,24.58,21.88,22.96
2021-10-05,22.92,23.17,20.62,21.3
2021-10-06,22.95,24.4,20.99,21.0
2021-10-07,20.54,20.76,19.07,19.54
2021-10-08,19.46,19.94,18.2,18.77
2021-10-11,19.93,20.45,18.11,20.0
2021-10-12,20.62,20.81,18.97,19.85
2021-10-13,20.14,20.23,18.44,18.64
2021-10-14,18.01,18.08,16.8,16.86
2021-10-15,16.64,16.85,15.72,16.3
2021-10-18,17.29,17.93,16.27,16.31
2021-10-19,16.09,16.31,15.57,15.7
2021-10-20,15.82,15.89,15.29,15.49
2021-10-21,16.06,16.11,14.92,15.01
2021-10-22,15.35,16.39,14.84,15.43
2021-10-25,16.14,16.33,15.1,15.24
2021-10-26,15.02,16.71,14.9,15.98
2021-10-27,15.79,17.29,15.54,16.98
2021-10-28,17.06,17.16,16.23,16.53
2021-10-29,17.4,18.06,16.13,16.26
2021-11-01,16.85,17.7,16.32,16.41
2021-11-02,16.54,16.65,15.89,16.03
2021-11-03,16.11,16.39,14.9,15.1
2021-11-04,15.06,16.14,14.73,15.44
2021-11-05,15.59,17.02,14.95,16.48
2021-11-08,17.23,17.69,16.44,17.22
2021-11-09,17.43,18.57,17.21,17.78
2021-11-10,17.74,19.9,17.22,18.73
2021-11-11,18.34,18.39,17.27,17.66
2021-11-12,17.49,17.69,16.15,16.29
2021-11-15,17.03,17.46,16.49,16.49
2021-11-16,16.86,17.08,16.03,16.37
2021-11-17,16.36,17.19,16.28,17.11
2021-11-18,16.81,18.15,16.38,17.59
2021-11-19,17.36,19.01,17.23,17.91
2021-11-22,18.2,19.59,17.35,19.17
2021-11-23,20.24,20.91,19.03,19.38
2021-11-24,19.17,20.96,18.52,18.58
2021-11-26,26.62,28.99,23.88,28.62
2021-11-29,25.31,25.69,21.71,22.96
2021-11-30,26.23,28.56,23.71,27.19
2021-12-01,24.92,32.61,22.38,31.12
2021-12-02,29.44,30.68,27.15,27.95
2021-12-03,26.95,35.32,25.89,30.67
2021-12-06,28.99,30.82,26.75,27.18
2021-12-07,24.58,24.69,21.58,21.89
2021-12-08,21.74,23.11,19.85,19.9
2021-12-09,20.31,22.12,19.94,21.58
2021-12-10,21.27,21.3,18.69,18.69
2021-12-13,19.29,21.18,18.96,20.31
2021-12-14,19.67,23.0,19.67,21.89
2021-12-15,21.6,23.47,19.02,19.29
2021-12-16,18.56,22.13,18.19,20.57
2021-12-17,20.7,23.26,20.49,21.57
2021-12-20,25.89,27.39,22.85,22.87
2021-12-21,22.28,22.68,20.9,21.01
2021-12-22,21.04,21.36,18.59,18.63
2021-12-23,18.81,18.93,17.62,17.96
2021-12-27,19.37,19.41,17.55,17.68
2021-12-28,17.78,18.47,17.51,17.54
2021-12-29,17.63,18.0,16.71,16.95
2021-12-30,17.3,17.79,16.62,17.33
2021-12-31,17.63,18.27,16.99,17.22
2022-01-03,17.6,18.54,16.56,16.6
2022-01-04,16.57,17.81,16.34,16.91
2022-01-05,17.07,20.17,16.58,19.73
2022-01-06,20.29,21.06,19.08,19.61
2022-01-07,19.85,20.8,18.57,18.76
2022-01-10,19.58,23.33,19.29,19.4
2022-01-11,19.62,21.0,18.2,18.41
2022-01-12,18.17,18.69,17.36,17.62
2022-01-13,18.06,20.61,17.45,20.31
2022-01-14,20.11,22.07,19.05,19.19
2022-01-18,21.18,23.2,21.18,22.79
2022-01-19,23.12,23.99,21.85,23.85
2022-01-20,23.46,25.89,21.68,25.59
2022-01-21,25.38,29.79,25.31,28.85
2022-01-24,28.2,38.94,28.02,29.9
2022-01-25,32.29,35.85,29.13,31.16
2022-01-26,29.35,33.04,26.9,31.96
2022-01-27,32.19,33.0,28.42,30.49
2022-01-28,30.27,32.82,27.28,27.66
2022-01-31,28.36,29.41,24.71,24.83
2022-02-01,24.57,25.33,21.96,21.96
2022-02-02,21.56,22.73,20.46,22.09
2022-02-03,22.63,25.81,22.3,24.35
2022-02-04,23.77,26.26,22.07,23.22
2022-02-07,24.09,24.82,22.02,22.86
2022-02-08,23.09,23.48,21.32,21.44
2022-02-09,21.27,21.3,19.93,19.96
2022-02-10,20.37,24.77,20.18,23.91
2022-02-11,24.39,30.99,23.33,27.36
2022-02-14,29.17,32.04,28.33,28.33
2022-02-15,28.09,28.09,25.33,25.7
2022-02-16,25.19,27.09,23.88,24.29
2022-02-17,24.83,28.37,24.76,28.11
2022-02-18,26.66,29.71,26.38,27.75
2022-02-22,31.8,32.04,28.4,28.81
2022-02-23,28.04,31.07,27.2,31.02
2022-02-24,37.5,37.79,29.45,30.32
2022-02-25,31.68,32.0,26.93,27.59
2022-02-28,32.44,33.51,28.43,30.15
2022-03-01,29.45,35.19,29.44,33.32
2022-03-02,34.2,34.41,30.12,30.74
2022-03-03,30.52,32.01,29.31,30.48
2022-03-04,31.9,34.65,31.47,31.98
2022-03-07,35.88,36.55,32.59,36.45
2022-03-08,36.19,37.52,32.78,35.13
2022-03-09,33.74,34.12,31.39,32.45
2022-03-10,33.03,34.03,30.23,30.23
2022-03-11,30.43,31.04,28.84,30.75
2022-03-14,31.03,33.18,30.06,31.77
2022-03-15,33.13,33.83,29.57,29.83
2022-03-16,29.02,29.8,26.29,26.67
2022-03-17,26.51,27.47,25.25,25.67
2022-03-18,26.36,26.82,23.85,23.87
2022-03-21,25.14,25.36,22.99,23.53
2022-03-22,24.02,24.02,22.7,22.94
2022-03-23,23.04,24.03,22.64,23.57
2022-03-24,23.61,23.79,21.49,21.67
2022-03-25,21.87,22.86,20.8,20.81
2022-03-28,22.14,23.33,19.54,19.63
2022-03-29,19.7,19.73,18.67,18.9
2022-03-30,19.38,20.51,18.72,19.33
2022-03-31,19.68,21.48,19.54,20.56
2022-04-01,20.62,20.86,19.41,19.63
2022-04-04,20.75,20.78,18.45,18.57
2022-04-05,18.79,21.57,18.55,21.03
2022-04-06,21.27,24.78,21.24,22.1
2022-04-07,21.97,23.82,21.12,21.55
2022-04-08,21.25,22.34,20.28,21.16
2022-04-11,23.09,24.42,22.09,24.37
2022-04-12,24.94,25.38,22.27,24.26
2022-04-13,23.52,24.45,21.37,21.82
2022-04-14,21.72,22.7,20.85,22.7
2022-04-18,24.52,24.6,21.98,22.17
2022-04-19,22.55,22.92,20.36,21.37
2022-04-20,21.13,21.32,19.75,20.32
2022-04-21,20.24,23.28,19.81,22.68
2022-04-22,22.71,28.27,22.62,28.21
2022-04-25,30.04,31.6,26.8,27.02
2022-04-26,27.38,33.81,27.06,33.52
2022-04-27,31.11,32.77,29.82,31.6
2022-04-28,29.91,32.0,28.0,29.99
2022-04-29,28.97,34.34,28.54,33.4
2022-05-02,33.35,36.64,31.74,32.34
2022-05-03,31.76,32.82,29.06,29.25
2022-05-04,29.12,29.42,24.94,25.42
2022-05-05,25.97,33.2,25.78,31.2
2022-05-06,32.23,35.34,29.83,30.19
2022-05-09,31.9,35.48,31.9,34.75
2022-05-10,33.66,34.84,32.24,32.99
2022-05-11,32.87,34.39,30.69,32.56
2022-05-12,33.74,34.76,31.7,31.77
2022-05-13,31.09,31.2,28.78,28.87
2022-05-16,30.01,30.23,27.36,27.47
2022-05-17,27.07,27.17,25.51,26.1
2022-05-18,26.74,31.49,26.21,30.96
2022-05-19,31.24,33.11,29.06,29.35
2022-05-20,28.78,32.91,28.06,29.43
2022-05-23,28.98,30.39,28.29,28.48
2022-05-24,29.43,31.07,29.04,29.45
2022-05-25,29.33,30.23,28.16,28.37
2022-05-26,28.42,28.46,27.11,27.5
2022-05-27,27.5,27.54,25.57,25.72
2022-05-30,26.16,26.81,26.08,26.54
2022-05-31,27.47,28.35,25.94,26.19
2022-06-01,26.05,27.73,25.38,25.69
2022-06-02,25.73,26.5,24.33,24.72
2022-06-03,24.91,25.96,24.76,24.79
2022-06-06,25.37,25.81,24.82,25.07
2022-06-07,25.54,26.24,23.88,24.02
2022-06-08,24.37,24.78,23.74,23.96
2022-06-09,24.29,26.24,23.82,26.09
2022-06-10,26.26,29.63,26.05,27.75
2022-06-13,31.37,35.05,31.29,34.02
2022-06-14,33.01,34.0,32.06,32.69
2022-06-15,32.39,32.77,27.76,29.62
2022-06-16,30.35,34.82,30.35,32.95
2022-06-17,32.84,33.31,30.47,31.13
2022-06-20,32.06,32.16,30.98,31.03
2022-06-21,30.63,30.65,29.33,30.19
2022-06-22,31.45,31.57,28.78,28.95
2022-06-23,29.29,29.77,28.74,29.05
2022-06-24,29.07,29.72,26.83,27.23
2022-06-27,28.3,28.66,26.93,26.95
2022-06-28,26.9,28.68,26.47,28.36
2022-06-29,28.8,29.36,27.85,28.16
2022-06-30,29.42,30.22,28.28,28.71
2022-07-01,29.53,29.59,26.69,26.7
2022-07-04,27.96,28.1,27.46,27.53
2022-07-05,27.37,29.82,27.3,27.54
2022-07-06,27.84,28.07,26.43,26.73
2022-07-07,26.73,26.79,25.66,26.08
2022-07-08,26.41,26.61,24.43,24.64
2022-07-11,26.42,26.74,25.79,26.17
2022-07-12,27.14,27.75,25.82,27.29
2022-07-13,27.35,29.06,26.23,26.82
2022-07-14,27.47,28.45,26.2,26.4
2022-07-15,26.72,26.72,24.13,24.23
2022-07-18,24.83,25.91,24.38,25.3
2022-07-19,25.12,25.41,24.23,24.5
2022-07-20,24.23,24.73,23.4,23.88
2022-07-21,24.07,24.67,22.92,23.11
2022-07-22,23.3,23.81,22.41,23.03
2022-07-25,24.33,24.57,23.19,23.36
2022-07-26,23.95,25.31,23.82,24.69
2022-07-27,24.27,24.41,23.02,23.24
2022-07-28,23.33,23.54,22.22,22.33
2022-07-29,22.13,22.16,21.21,21.33
2022-08-01,22.41,23.27,22.26,22.84
2022-08-02,24.08,24.68,22.67,23.93
2022-08-03,23.86,23.92,21.68,21.95
2022-08-04,22.06,22.66,21.44,21.44
2022-08-05,21.5,22.58,20.76,21.15
2022-08-08,21.74,22.01,20.83,21.29
2022-08-09,21.41,22.23,21.41,21.77
2022-08-10,22.28,22.34,19.54,19.74
2022-08-11,19.84,20.85,19.71,20.2
2022-08-12,20.34,20.35,19.12,19.53
2022-08-15,20.74,21.16,19.81,19.95
2022-08-16,20.23,20.39,19.5,19.69
2022-08-17,19.74,20.63,19.41,19.9
2022-08-18,20.51,20.61,19.43,19.56
2022-08-19,20.16,21.27,20.08,20.6
2022-08-22,22.41,24.62,22.39,23.8
2022-08-23,24.13,24.21,23.07,24.11
2022-08-24,24.37,24.86,22.73,22.82
2022-08-25,22.41,23.13,21.77,21.78
2022-08-26,22.07,25.9,21.67,25.56
2022-08-29,26.86,27.67,25.47,26.21
2022-08-30,25.75,27.69,25.13,26.21
2022-08-31,25.86,26.62,25.31,25.87
2022-09-01,26.88,27.45,25.25,25.56
2022-09-02,25.51,26.28,23.19,25.47
2022-09-05,26.51,26.85,25.84,25.99
2022-09-06,25.46,27.8,25.33,26.91
2022-09-07,26.93,27.15,24.54,24.64
2022-09-08,24.7,25.9,23.56,23.61
2022-09-09,23.49,23.57,22.64,22.79
2022-09-12,23.58,24.23,23.16,23.87
2022-09-13,23.67,28.15,23.53,27.27
2022-09-14,26.73,27.56,26.16,26.16
2022-09-15,26.1,26.93,25.42,26.27
2022-09-16,27.47,28.45,26.14,26.3
2022-09-19,27.69,27.95,25.56,25.76
2022-09-20,25.65,27.81,25.61,27.16
2022-09-21,28.03,30.18,25.55,27.99
2022-09-22,28.16,28.38,26.71,27.35
2022-09-23,27.68,32.31,27.58,29.92
2022-09-26,31.74,32.88,29.83,32.26
2022-09-27,31.2,34.14,30.3,32.6
2022-09-28,34.5,34.88,30.03,30.18
2022-09-29,31.67,33.46,31.16,31.84
2022-09-30,31.61,33.25,29.39,31.62
2022-10-03,33.0,33.06,29.63,30.1
2022-10-04,29.52,29.62,28.56,29.07
2022-10-05,29.36,30.11,28.5,28.55
2022-10-06,28.6,30.74,28.56,30.52
2022-10-07,30.37,32.02,29.88,31.36
2022-10-10,32.93,33.99,32.05,32.45
2022-10-11,33.56,34.43,32.45,33.63
2022-10-12,33.54,34.53,33.11,33.57
2022-10-13,33.6,33.87,31.63,31.94
2022-10-14,31.89,32.98,31.14,32.02
2022-10-17,32.27,32.59,30.7,31.37
2022-10-18,31.1,31.93,30.42,30.5
2022-10-19,30.94,31.9,30.76,30.76
2022-10-20,31.3,31.32,29.76,29.98
2022-10-21,30.21,30.44,29.24,29.69
2022-10-24,30.65,30.95,29.78,29.85
2022-10-25,29.8,30.0,28.22,28.46
2022-10-26,28.44,28.52,27.27,27.28
2022-10-27,27.51,27.67,26.94,27.39
2022-10-28,27.43,27.59,25.75,25.75
2022-10-31,26.91,27.07,25.84,25.88
2022-11-01,25.96,26.35,25.66,25.81
2022-11-02,26.04,26.62,25.39,25.86
2022-11-03,25.98,26.87,25.1,25.3
2022-11-04,25.63,25.71,24.0,24.55
2022-11-07,25.67,25.67,24.34,24.35
2022-11-08,24.71,26.16,24.24,25.54
2022-11-09,25.34,26.35,25.02,26.09
2022-11-10,26.51,26.59,22.84,23.53
2022-11-11,23.89,23.91,22.37,22.52
2022-11-14,23.99,24.33,22.86,23.73
2022-11-15,23.77,26.22,23.18,24.54
2022-11-16,24.29,24.72,23.99,24.11
2022-11-17,24.05,25.18,23.81,23.93
2022-11-18,24.03,24.12,22.98,23.12
2022-11-21,24.05,24.12,22.3,22.36
2022-11-22,22.59,22.71,21.28,21.29
2022-11-23,21.49,21.78,20.32,20.35
2022-11-24,20.5,20.54,20.31,20.42
2022-11-25,20.61,21.11,20.46,20.5
2022-11-28,22.09,22.5,21.65,22.21
2022-11-29,22.09,22.57,21.83,21.89
2022-11-30,21.7,22.63,20.31,20.58
2022-12-01,20.83,21.06,19.8,19.84
2022-12-02,20.42,20.96,18.95,19.06
2022-12-05,20.3,21.29,19.78,20.75
2022-12-06,20.69,22.6,20.38,22.17
2022-12-07,22.32,23.01,22.18,22.68
2022-12-08,22.81,23.28,22.06,22.29
2022-12-09,22.55,23.21,22.18,22.83
2022-12-12,24.4,25.05,24.18,25.0
2022-12-13,25.24,25.84,21.46,22.55
2022-12-14,22.83,23.47,21.07,21.14
2022-12-15,21.52,23.67,21.25,22.83
2022-12-16,23.26,23.83,22.09,22.62
2022-12-19,22.63,22.86,21.61,22.42
2022-12-20,23.17,23.39,21.35,21.48
2022-12-21,21.25,21.29,19.94,20.07
2022-12-22,20.08,24.3,20.01,21.97
2022-12-23,22.17,22.64,20.78,20.87
2022-12-27,21.67,22.8,21.59,21.65
2022-12-28,21.47,22.26,20.96,22.14
2022-12-29,22.25,22.31,21.36,21.44
2022-12-30,21.83,22.4,21.59,21.67
2023-01-03,23.09,23.76,22.73,22.9
2023-01-04,22.93,23.27,21.94,22.01
2023-01-05,22.2,22.92,21.97,22.46
2023-01-06,22.69,22.9,21.0,21.13
2023-01-09,21.75,21.98,21.27,21.97
2023-01-10,22.22,22.46,20.58,20.58
2023-01-11,20.8,21.25,20.62,21.09
2023-01-12,21.56,21.8,18.83,18.83
2023-01-13,19.0,19.41,18.01,18.35
2023-01-16,19.44,19.63,19.41,19.49
2023-01-17,19.89,20.22,19.21,19.36
2023-01-18,19.28,20.58,18.71,20.34
2023-01-19,20.43,21.71,20.17,20.52
2023-01-20,20.28,20.7,19.41,19.85
2023-01-23,20.21,20.33,19.55,19.81
2023-01-24,19.89,20.47,18.91,19.2
2023-01-25,19.56,20.9,18.99,19.08
2023-01-26,19.05,19.48,18.67,18.73
2023-01-27,18.9,19.0,17.97,18.51
2023-01-30,19.76,20.25,19.54,19.94
2023-01-31,20.12,20.7,19.13,19.4
2023-02-01,19.62,20.04,17.7,17.87
2023-02-02,17.74,19.25,17.06,18.73
2023-02-03,18.57,19.3,17.93,18.33
2023-02-06,19.23,19.81,19.21,19.43
2023-02-07,19.54,19.99,18.43,18.66
2023-02-08,18.88,20.12,18.55,19.63
2023-02-09,19.24,21.08,19.02,20.71
2023-02-10,20.74,21.94,20.44,20.53
2023-02-13,21.66,21.69,20.33,20.34
2023-02-14,20.72,20.75,18.48,18.91
2023-02-15,19.37,19.41,18.11,18.23
2023-02-16,18.26,20.27,18.23,20.17
2023-02-17,20.94,21.3,19.82,20.02
2023-02-20,21.06,21.28,20.96,21.23
2023-02-21,21.8,23.34,21.8,22.87
2023-02-22,23.03,23.63,22.02,22.29
2023-02-23,21.96,22.43,20.89,21.14
2023-02-24,21.35,22.9,21.32,21.67
2023-02-27,21.99,22.02,20.68,20.95
2023-02-28,21.3,21.37,20.1,20.7
2023-03-01,20.39,21.32,20.22,20.58
2023-03-02,21.41,21.42,19.55,19.59
2023-03-03,19.76,19.76,18.16,18.49
2023-03-06,19.05,19.19,18.49,18.61
2023-03-07,18.64,19.74,18.51,19.59
2023-03-08,19.71,20.01,19.0,19.11
2023-03-09,19.33,23.14,18.88,22.61
2023-03-10,23.34,28.97,21.79,24.8
2023-03-13,24.05,30.81,23.85,26.52
2023-03-14,26.85,27.24,22.27,23.73
2023-03-15,23.21,29.91,23.19,26.14
2023-03-16,26.19,27.49,22.97,22.99
2023-03-17,22.92,26.14,22.58,25.51
2023-03-20,27.77,28.91,24.0,24.15
2023-03-21,24.16,24.16,21.29,21.38
2023-03-22,21.8,22.38,19.94,22.26
2023-03-23,21.54,24.91,20.16,22.61
2023-03-24,22.11,25.21,21.6,21.74
2023-03-27,22.05,22.93,20.57,20.6
2023-03-28,20.53,21.4,19.91,19.97
2023-03-29,19.39,19.45,19.09,19.12
2023-03-30,19.12,20.08,18.85,19.02
2023-03-31,19.21,19.43,18.52,18.7
2023-04-03,19.79,19.83,18.54,18.55
2023-04-04,18.79,20.03,18.58,19.0
2023-04-05,19.42,20.08,19.0,19.08
2023-04-06,19.3,19.88,18.35,18.4
2023-04-10,19.39,20.05,18.93,18.97
2023-04-11,19.08,19.28,18.56,19.1
2023-04-12,19.38,19.98,18.25,19.09
2023-04-13,18.83,19.06,17.77,17.8
2023-04-14,17.94,18.12,17.07,17.07
2023-04-17,17.58,17.79,16.9,16.95
2023-04-18,16.94,17.34,16.58,16.83
2023-04-19,17.3,17.72,16.17,16.46
2023-04-20,16.85,17.69,16.33,17.17
2023-04-21,17.51,17.71,16.58,16.77
2023-04-24,18.22,18.24,16.74,16.89
2023-04-25,17.62,19.86,17.33,18.76
2023-04-26,18.66,19.61,17.87,18.84
2023-04-27,18.43,18.43,16.72,17.03
2023-04-28,17.21,17.65,15.72,15.78
2023-05-01,16.41,16.62,15.53,16.08
2023-05-02,16.27,19.81,16.26,17.78
2023-05-03,17.82,18.83,17.19,18.34
2023-05-04,19.17,21.33,18.67,20.09
2023-05-05,19.5,19.63,16.69,17.19
2023-05-08,17.73,17.88,16.83,16.98
2023-05-09,17.29,17.86,17.22,17.71
2023-05-10,17.58,18.31,16.36,16.94
2023-05-11,16.8,18.19,16.63,16.93
2023-05-12,16.83,17.92,16.38,17.03
2023-05-15,17.44,18.16,17.08,17.12
2023-05-16,17.54,18.3,17.26,17.99
2023-05-17,17.96,18.26,16.68,16.87
2023-05-18,16.92,17.15,16.05,16.05
2023-05-19,16.13,17.36,15.85,16.81
2023-05-22,17.45,18.13,16.82,17.21
2023-05-23,17.35,19.31,17.3,18.53
2023-05-24,18.8,20.81,18.8,20.03
2023-05-25,19.54,19.95,18.7,19.14
2023-05-26,19.07,19.56,17.27,17.95
2023-05-29,17.53,17.6,17.34,17.46
2023-05-30,17.56,18.34,16.98,17.46
2023-05-31,18.04,18.4,17.12,17.94
2023-06-01,17.24,17.59,15.58,15.65
2023-06-02,15.65,15.65,14.42,14.6
2023-06-05,15.28,15.29,14.66,14.73
2023-06-06,14.91,14.97,13.95,13.96
2023-06-07,14.14,14.29,13.77,13.94
2023-06-08,14.14,14.21,13.53,13.65
2023-06-09,13.78,14.14,13.5,13.83
2023-06-12,14.44,15.02,14.32,15.01
2023-06-13,14.99,15.06,14.47,14.61
2023-06-14,14.48,14.73,13.83,13.88
2023-06-15,14.09,14.52,13.79,14.5
2023-06-16,14.49,14.54,13.48,13.54
2023-06-19,14.09,14.19,14.01,14.19
2023-06-20,14.36,14.67,13.86,13.88
2023-06-21,13.88,13.89,13.1,13.2
2023-06-22,13.88,13.98,12.73,12.91
2023-06-23,13.24,13.8,12.88,13.44
2023-06-26,14.43,14.71,13.78,14.25
2023-06-27,14.11,14.34,13.59,13.74
2023-06-28,13.9,13.96,13.36,13.43
2023-06-29,13.64,13.85,13.41,13.54
2023-06-30,13.51,13.59,12.96,13.59
2023-07-03,13.85,13.85,13.47,13.57
2023-07-04,13.54,13.71,13.52,13.7
2023-07-05,14.19,14.74,14.05,14.18
2023-07-06,14.85,17.08,14.79,15.44
2023-07-07,15.97,16.06,14.33,14.83
2023-07-10,16.08,16.21,15.04,15.07
2023-07-11,15.02,15.25,14.63,14.84
2023-07-12,14.82,14.82,13.51,13.54
2023-07-13,13.44,13.61,13.12,13.61
2023-07-14,13.72,13.76,13.22,13.34
2023-07-17,13.78,14.0,13.43,13.48
2023-07-18,13.61,13.67,13.29,13.3
2023-07-19,13.32,13.84,13.12,13.76
2023-07-20,13.96,14.23,13.58,13.99
2023-07-21,13.87,13.89,13.37,13.6
2023-07-24,14.29,14.3,13.73,13.91
2023-07-25,14.02,14.09,13.82,13.86
2023-07-26,13.86,14.16,13.15,13.19
2023-07-27,13.14,15.02,12.74,14.41
2023-07-28,14.03,14.18,13.27,13.33
2023-07-31,13.98,14.09,13.57,13.63
2023-08-01,13.75,14.3,13.75,13.93
2023-08-02,15.7,16.48,14.95,16.09
2023-08-03,16.77,17.42,15.72,15.92
2023-08-04,16.01,17.39,14.57,17.1
2023-08-07,16.9,17.36,15.77,15.77
2023-08-08,16.28,18.14,15.96,15.99
2023-08-09,15.81,16.87,15.38,15.96
2023-08-10,15.58,16.86,14.6,15.85
2023-08-11,15.53,16.51,14.84,14.84
2023-08-14,15.88,16.06,14.77,14.82
2023-08-15,14.95,16.57,14.91,16.46
2023-08-16,16.54,16.93,15.8,16.78
2023-08-17,16.96,18.13,16.4,17.89
2023-08-18,17.8,18.88,17.14,17.3
2023-08-21,18.03,18.11,16.88,17.13
2023-08-22,16.96,17.58,16.61,16.97
2023-08-23,16.64,17.1,15.91,15.98
2023-08-24,15.57,17.32,15.48,17.2
2023-08-25,17.21,17.36,15.45,15.68
2023-08-28,16.24,16.28,15.0,15.08
2023-08-29,15.08,15.3,14.34,14.45
2023-08-30,14.53,14.7,13.83,13.88
2023-08-31,13.98,14.0,13.44,13.57
2023-09-01,13.56,13.56,13.02,13.09
2023-09-04,13.62,13.82,13.51,13.82
2023-09-05,14.15,14.47,13.7,14.01
2023-09-06,14.27,15.3,14.13,14.45
2023-09-07,14.81,15.69,14.4,14.4
2023-09-08,14.22,14.87,13.58,13.84
2023-09-11,14.17,14.33,13.74,13.8
2023-09-12,14.02,14.42,13.71,14.23
2023-09-13,14.42,14.68,13.41,13.48
2023-09-14,13.39,13.46,12.79,12.82
2023-09-15,12.7,14.17,12.68,13.79
2023-09-18,14.4,14.75,13.86,14.0
2023-09-19,14.11,14.88,13.86,14.11
2023-09-20,14.18,15.15,13.57,15.14
2023-09-21,15.49,17.54,15.1,17.54
2023-09-22,17.31,17.41,15.93,17.2
2023-09-25,17.25,18.41,16.79,16.9
2023-09-26,18.03,19.5,17.17,18.94
2023-09-27,18.29,19.71,18.03,18.22
2023-09-28,18.22,18.77,17.06,17.34
2023-09-29,16.87,17.74,15.83,17.52
2023-10-02,17.31,18.55,16.93,17.61
2023-10-03,17.81,20.48,17.52,19.78
2023-10-04,20.72,20.88,18.3,18.58
2023-10-05,18.67,19.58,18.26,18.49
2023-10-06,18.73,19.93,17.19,17.45
2023-10-09,19.54,19.6,17.56,17.7
2023-10-10,17.7,17.86,16.51,17.03
2023-10-11,16.95,17.78,16.09,16.09
2023-10-12,16.08,18.08,15.44,16.69
2023-10-13,16.53,20.78,16.5,19.32
2023-10-16,19.1,19.57,17.14,17.21
2023-10-17,17.41,18.54,16.97,17.88
2023-10-18,18.36,20.15,17.88,19.22
2023-10-19,19.73,21.4,18.55,21.4
2023-10-20,21.59,21.83,20.42,21.71
2023-10-23,21.83,23.08,19.48,20.37
2023-10-24,20.03,20.24,18.65,18.97
2023-10-25,19.39,21.24,18.86,20.19
2023-10-26,21.78,21.96,20.22,20.68
2023-10-27,20.39,22.07,19.72,21.27
2023-10-30,21.13,21.16,19.55,19.75
2023-10-31,19.86,19.86,17.97,18.14
2023-11-01,18.02,18.42,16.63,16.87
2023-11-02,16.59,16.62,15.58,15.66
2023-11-03,15.7,15.83,14.91,14.91
2023-11-06,15.39,15.58,14.84,14.89
2023-11-07,15.1,15.17,14.71,14.81
2023-11-08,14.91,15.09,14.3,14.45
2023-11-09,14.61,15.57,14.13,15.29
2023-11-10,15.09,15.45,14.16,14.17
2023-11-13,15.16,15.19,14.58,14.76
2023-11-14,14.83,14.86,13.91,14.16
2023-11-15,14.21,14.35,13.97,14.18
2023-11-16,14.12,14.42,13.68,14.32
2023-11-17,14.18,14.19,13.67,13.8
2023-11-20,14.26,14.31,13.39,13.41
2023-11-21,13.45,14.31,13.13,13.35
2023-11-22,13.08,13.25,12.82,12.85
2023-11-23,12.84,12.87,12.75,12.8
2023-11-24,13.03,13.17,12.45,12.46
2023-11-27,13.14,13.28,12.64,12.69
2023-11-28,12.78,14.3,12.56,12.69
2023-11-29,12.71,13.1,12.48,12.98
2023-11-30,13.07,13.39,12.82,12.92
2023-12-01,12.94,12.96,12.48,12.63
2023-12-04,13.28,13.7,12.98,13.08
2023-12-05,13.26,13.76,12.81,12.85
2023-12-06,12.78,13.03,12.64,12.97
2023-12-07,13.17,13.28,12.95,13.06
2023-12-08,13.14,13.24,12.35,12.35
2023-12-11,13.05,13.14,12.61,12.63
2023-12-12,12.69,12.74,11.81,12.07
2023-12-13,12.2,12.46,11.82,12.19
2023-12-14,11.96,12.74,11.84,12.48
2023-12-15,12.12,12.54,12.01,12.28
2023-12-18,12.62,12.64,12.4,12.56
2023-12-19,12.6,12.6,12.33,12.53
2023-12-20,12.63,13.93,12.29,13.67
2023-12-21,13.4,14.49,13.34,13.65
2023-12-22,13.72,13.96,13.0,13.03
2023-12-26,13.77,13.8,12.96,12.99
2023-12-27,13.02,13.04,12.37,12.43
2023-12-28,12.44,12.65,12.38,12.47
2023-12-29,12.55,13.19,12.36,12.45
2024-01-02,13.22,14.23,13.1,13.2
2024-01-03,13.35,14.22,13.33,14.04
2024-01-04,13.93,14.2,13.64,14.13
2024-01-05,14.24,14.58,13.29,13.35
2024-01-08,14.0,14.18,13.02,13.08
2024-01-09,13.2,13.45,12.74,12.76
2024-01-10,12.86,12.95,12.67,12.69
2024-01-11,12.64,13.31,12.35,12.44
2024-01-12,12.66,13.08,12.47,12.7
2024-01-15,13.23,13.34,13.2,13.25
2024-01-16,14.12,14.35,13.52,13.84
2024-01-17,14.59,15.4,14.38,14.79
2024-01-18,14.85,14.89,13.89,14.13
2024-01-19,13.8,14.58,13.28,13.3
2024-01-22,13.77,13.84,13.17,13.19
2024-01-23,13.2,13.29,12.53,12.55
2024-01-24,12.66,13.18,12.41,13.14
2024-01-25,13.18,13.58,13.06,13.45
2024-01-26,13.73,14.1,13.2,13.26
2024-01-29,13.98,15.35,13.59,13.6
2024-01-30,13.69,13.74,13.23,13.31
2024-01-31,13.42,14.61,13.18,14.35
2024-02-01,14.21,14.63,13.87,13.88
2024-02-02,13.95,14.23,13.39,13.85
2024-02-05,14.37,14.53,13.58,13.67
2024-02-06,13.57,13.78,12.98,13.06
2024-02-07,13.06,13.13,12.81,12.83
2024-02-08,12.95,13.17,12.74,12.79
2024-02-09,12.79,13.01,12.69,12.93
2024-02-12,13.48,13.94,13.34,13.93
2024-02-13,13.96,17.94,13.43,15.85
2024-02-14,15.38,15.47,14.22,14.38
2024-02-15,14.27,14.64,13.94,14.01
2024-02-16,13.94,14.71,13.75,14.24
2024-02-19,14.72,14.78,14.65,14.71
2024-02-20,15.09,15.91,15.07,15.42
2024-02-21,15.54,16.12,15.22,15.34
2024-02-22,14.28,14.64,14.12,14.54
2024-02-23,14.31,14.31,13.64,13.75
2024-02-26,14.17,14.2,13.66,13.74
2024-02-27,13.63,13.75,13.41,13.43
2024-02-28,13.52,13.9,13.44,13.84
2024-02-29,14.14,14.15,13.3,13.4
2024-03-01,13.34,13.66,13.08,13.11
2024-03-04,13.49,13.58,13.32,13.49
2024-03-05,13.75,15.1,13.75,14.46
2024-03-06,14.27,14.93,13.89,14.5
2024-03-07,14.98,14.98,14.25,14.44
2024-03-08,14.22,15.53,13.97,14.74
2024-03-11,15.51,16.04,15.13,15.22
2024-03-12,14.97,15.2,13.81,13.84
2024-03-13,13.89,14.04,13.67,13.75
2024-03-14,13.62,15.33,13.42,14.4
2024-03-15,14.33,15.53,14.14,14.41
2024-03-18,14.75,14.85,14.26,14.33
2024-03-19,14.5,14.86,13.8,13.82
2024-03-20,13.83,14.17,13.01,13.04
2024-03-21,12.98,13.08,12.4,12.92
2024-03-22,12.92,13.15,12.58,13.06
2024-03-25,13.67,13.67,13.11,13.19
2024-03-26,13.12,13.43,12.84,13.24
2024-03-27,13.13,13.34,12.66,12.78
2024-03-28,12.93,13.1,12.84,13.01
2024-04-01,13.61,14.15,13.55,13.65
2024-04-02,13.74,15.43,13.68,14.61
2024-04-03,15.0,15.18,14.25,14.33
2024-04-04,14.29,16.92,13.74,16.35
2024-04-05,16.45,16.75,15.53,16.03
2024-04-08,16.24,16.5,15.11,15.19
2024-04-09,15.34,16.63,14.94,14.98
2024-04-10,15.24,16.62,14.59,15.8
2024-04-11,16.02,17.61,14.91,14.91
2024-04-12,14.91,19.2,14.91,17.31
2024-04-15,16.94,19.46,16.26,19.23
2024-04-16,19.49,19.56,17.64,18.4
2024-04-17,18.24,19.11,17.54,18.21
2024-04-18,17.91,18.37,17.21,18.0
2024-04-19,21.33,21.36,18.17,18.71
2024-04-22,18.59,18.72,16.69,16.94
2024-04-23,16.72,16.76,15.69,15.69
2024-04-24,15.76,16.38,15.58,15.97
2024-04-25,16.25,17.55,15.27,15.37
2024-04-26,15.49,16.06,14.92,15.03
2024-04-29,15.37,15.42,14.63,14.67
2024-04-30,14.82,15.9,14.67,15.65
2024-05-01,15.75,16.22,14.35,15.39
2024-05-02,15.14,16.09,14.6,14.68
2024-05-03,14.51,14.58,13.48,13.49
2024-05-06,13.98,14.02,13.44,13.49
2024-05-07,13.52,13.64,13.16,13.23
2024-05-08,13.24,13.51,12.94,13.0
2024-05-09,13.08,13.29,12.68,12.69
2024-05-10,12.77,12.96,12.5,12.55
2024-05-13,13.26,13.66,13.25,13.6
2024-05-14,13.71,14.03,13.27,13.42
2024-05-15,13.73,13.94,12.38,12.45
2024-05-16,12.52,12.67,12.33,12.42
2024-05-17,12.28,12.48,11.91,11.99
2024-05-20,12.27,12.59,12.07,12.15
2024-05-21,12.3,12.56,11.84,11.86
2024-05-22,12.05,12.81,11.78,12.29
2024-05-23,11.53,13.37,11.52,12.77
2024-05-24,12.86,12.89,11.89,11.93
2024-05-27,12.41,12.49,12.35,12.36
2024-05-28,12.51,13.44,12.36,12.92
2024-05-29,13.75,14.32,13.69,14.28
2024-05-30,14.82,14.88,13.67,14.47
2024-05-31,14.5,14.87,12.84,12.92
2024-06-03,13.08,14.31,13.0,13.11
2024-06-04,13.51,14.08,13.11,13.16
2024-06-05,13.14,13.25,12.6,12.63
2024-06-06,12.75,12.98,12.54,12.58
2024-06-07,12.69,13.08,12.11,12.22
2024-06-10,13.09,13.28,12.62,12.74
2024-06-11,12.85,13.47,12.78,12.85
2024-06-12,13.1,13.15,11.94,12.04
2024-06-13,12.05,12.68,11.88,11.94
2024-06-14,12.22,13.45,12.12,12.66
2024-06-17,13.07,13.29,12.5,12.75
2024-06-18,12.7,12.74,12.24,12.3
2024-06-19,12.32,12.55,12.32,12.48
2024-06-20,12.5,13.55,12.18,13.28
2024-06-21,13.22,13.78,12.99,13.2
2024-06-24,13.85,13.88,13.15,13.33
2024-06-25,13.48,13.52,12.84,12.84
2024-06-26,12.81,13.24,12.37,12.55
2024-06-27,12.69,12.77,12.21,12.24
2024-06-28,12.24,12.76,11.87,12.44
2024-07-01,12.98,13.26,12.1,12.22
2024-07-02,12.67,12.88,11.85,12.03
2024-07-03,12.13,12.23,11.95,12.09
2024-07-04,12.1,12.35,12.09,12.26
2024-07-05,12.37,12.61,11.84,12.48
2024-07-08,12.91,12.91,12.31,12.37
2024-07-09,12.48,12.61,12.35,12.51
2024-07-10,12.51,12.92,12.39,12.85
2024-07-11,12.88,13.33,12.23,12.92
2024-07-12,12.87,12.89,12.11,12.46
2024-07-15,12.78,13.26,12.75,13.12
2024-07-16,13.38,13.47,12.95,13.19
2024-07-17,13.6,14.88,13.54,14.48
2024-07-18,14.27,16.43,14.08,15.93
2024-07-19,16.44,17.19,10.62,16.52
2024-07-22,16.79,16.89,14.75,14.91
2024-07-23,15.21,15.35,13.9,14.72
2024-07-24,15.35,18.46,15.18,18.04
2024-07-25,18.41,19.36,16.42,18.46
2024-07-26,17.97,18.05,16.37,16.39
2024-07-29,16.59,17.21,16.23,16.6
2024-07-30,16.64,18.32,16.26,17.69
2024-07-31,16.66,16.77,15.71,16.36
2024-08-01,16.2,19.48,15.95,18.59
2024-08-02,20.52,29.66,20.01,23.39
2024-08-05,23.39,65.73,23.39,38.57
2024-08-06,33.71,34.77,24.02,27.71
2024-08-07,24.77,29.76,21.97,27.85
2024-08-08,28.34,29.47,23.36,23.79
2024-08-09,23.78,24.52,20.26,20.37
2024-08-12,20.79,21.19,18.89,20.71
2024-08-13,20.06,20.79,17.95,18.12
2024-08-14,18.41,18.49,16.12,16.19
2024-08-15,16.27,16.68,14.77,15.23
2024-08-16,15.29,15.76,14.65,14.8
2024-08-19,15.94,16.07,14.46,14.65
2024-08-20,14.89,15.93,14.78,15.88
2024-08-21,16.25,17.17,15.92,16.27
2024-08-22,16.27,18.06,15.76,17.55
2024-08-23,17.12,17.21,15.61,15.86
2024-08-26,16.27,16.67,15.81,16.15
2024-08-27,16.21,16.81,15.37,15.43
2024-08-28,15.51,17.89,15.46,17.11
2024-08-29,16.54,16.57,15.19,15.65
2024-08-30,15.67,16.04,14.78,15.0
2024-09-02,15.87,15.99,15.48,15.55
2024-09-03,15.76,21.99,15.71,20.72
2024-09-04,23.2,23.31,19.34,21.32
2024-09-05,20.75,21.53,19.21,19.9
2024-09-06,21.98,23.76,18.83,22.38
2024-09-09,21.32,21.41,19.29,19.45
2024-09-10,19.86,20.74,18.9,19.08
2024-09-11,19.41,21.41,17.55,17.69
2024-09-12,17.62,18.59,16.89,17.07
2024-09-13,17.03,17.18,16.23,16.56
2024-09-16,17.16,17.69,16.91,17.14
2024-09-17,17.16,18.08,16.67,17.61
2024-09-18,17.58,19.39,17.11,18.23
2024-09-19,17.21,17.27,16.21,16.33
2024-09-20,16.35,16.68,15.81,16.15
2024-09-23,16.71,16.95,15.75,15.89
2024-09-24,15.87,16.67,15.27,15.39
2024-09-25,15.82,15.82,15.17,15.41
2024-09-26,15.06,15.83,14.9,15.37
2024-09-27,15.64,16.97,15.2,16.96
2024-09-30,17.01,17.79,16.47,16.73
2024-10-01,16.96,20.73,16.61,19.26
2024-10-02,19.65,20.36,18.58,18.9
2024-10-03,19.63,20.75,19.16,20.49
2024-10-04,20.48,20.48,18.48,19.21
2024-10-07,20.76,23.03,20.65,22.64
2024-10-08,22.92,23.14,21.14,21.42
2024-10-09,21.98,22.01,20.71,20.86
2024-10-10,20.91,21.39,20.64,20.93
2024-10-11,20.87,21.16,20.14,20.46
2024-10-14,20.86,20.86,19.69,19.7
2024-10-15,19.61,20.89,19.44,20.64
2024-10-16,20.77,21.01,19.45,19.58
2024-10-17,19.55,19.65,18.88,19.11
2024-10-18,19.3,19.32,17.99,18.03
2024-10-21,18.78,19.34,18.36,18.37
2024-10-22,18.79,19.44,18.05,18.2
2024-10-23,18.21,20.47,18.18,19.24
2024-10-24,18.87,20.24,18.63,19.08
2024-10-25,19.22,20.51,18.23,20.33
2024-10-28,19.11,19.88,18.91,19.8
2024-10-29,19.75,20.53,19.06,19.34
2024-10-30,19.33,20.44,19.3,20.35
2024-10-31,21.44,23.42,21.12,23.16
2024-11-01,22.96,23.09,21.16,21.88
2024-11-04,22.5,23.07,21.73,21.98
2024-11-05,21.98,22.06,20.2,20.49
2024-11-06,16.06,16.82,15.44,16.27
2024-11-07,15.86,15.86,15.13,15.2
2024-11-08,15.13,15.33,14.66,14.94
2024-11-11,15.33,15.56,14.89,14.97
2024-11-12,15.09,15.37,14.69,14.71
2024-11-13,15.09,15.26,13.77,14.02
2024-11-14,14.17,14.32,13.59,14.31
2024-11-15,15.02,17.55,14.56,16.14
2024-11-18,16.6,17.0,15.35,15.58
2024-11-19,15.44,17.93,15.37,16.35
2024-11-20,16.19,18.79,16.04,17.16
2024-11-21,17.1,17.99,15.73,16.87
2024-11-22,16.67,17.56,15.24,15.24
2024-11-25,15.23,15.72,14.54,14.6
2024-11-26,14.95,15.03,13.88,14.1
2024-11-27,14.28,15.13,13.96,14.1
2024-11-28,14.07,14.07,13.87,13.9
2024-11-29,14.0,14.15,13.49,13.51
2024-12-02,14.08,14.1,13.3,13.34
2024-12-03,13.38,13.77,13.19,13.3
2024-12-04,13.16,13.61,12.89,13.45
2024-12-05,13.46,13.7,13.26,13.54
2024-12-06,13.62,13.74,12.7,12.77
2024-12-09,13.36,14.23,13.35,14.19
2024-12-10,14.3,14.54,13.86,14.18
2024-12-11,14.42,14.43,13.52,13.58
2024-12-12,13.73,13.95,13.39,13.92
2024-12-13,13.57,14.25,13.24,13.81
2024-12-16,14.37,14.69,13.99,14.69
2024-12-17,14.98,15.94,14.78,15.87
2024-12-18,15.57,28.32,14.82,27.62
2024-12-19,21.61,24.12,20.16,24.09
2024-12-20,24.14,26.51,17.82,18.36
2024-12-23,18.09,20.02,16.74,16.78
2024-12-24,16.97,17.04,14.27,14.27
2024-12-26,14.99,15.93,14.55,14.73
2024-12-27,15.38,18.45,15.29,15.95
2024-12-30,17.21,19.22,16.44,17.4
2024-12-31,17.39,17.81,16.68,17.35
2025-01-02,17.21,19.5,16.96,17.93
2025-01-03,17.66,17.94,16.11,16.13
2025-01-06,16.77,16.87,15.71,16.04
2025-01-07,16.48,18.9,15.79,17.82
2025-01-08,17.91,19.5,17.37,17.7
2025-01-09,18.51,18.52,17.95,18.07
2025-01-10,18.29,20.31,18.05,19.54
2025-01-13,21.18,22.04,19.15,19.19
2025-01-14,18.79,19.66,18.24,18.71
2025-01-15,19.08,19.14,15.96,16.12
2025-01-16,15.87,16.6,15.64,16.6
2025-01-17,16.19,16.23,15.53,15.97
2025-01-20,16.46,16.59,15.8,15.81
2025-01-21,16.29,16.29,14.93,15.06
2025-01-22,14.89,15.29,14.59,15.1
2025-01-23,15.28,15.39,14.59,15.02
2025-01-24,15.02,15.16,14.58,14.85
2025-01-27,18.83,22.51,17.57,17.9
2025-01-28,18.29,18.39,16.25,16.41
2025-01-29,16.42,18.08,16.17,16.56
2025-01-30,15.93,16.42,15.32,15.84
2025-01-31,15.45,17.09,14.9,16.43
2025-02-03,20.36,20.42,17.66,18.62
2025-02-04,18.78,19.11,16.78,17.21
2025-02-05,17.54,17.75,15.77,15.77
2025-02-06,15.88,16.15,14.99,15.5
2025-02-07,15.38,16.66,14.79,16.54
2025-02-10,16.58,16.61,15.7,15.81
2025-02-11,16.13,16.42,15.75,16.02
2025-02-12,15.91,17.18,15.64,15.89
2025-02-13,15.97,16.33,14.98,15.1
2025-02-14,15.08,15.42,14.74,14.77
2025-02-17,15.38,15.57,15.34,15.37
2025-02-18,15.57,16.03,15.35,15.35
2025-02-19,15.14,15.96,15.05,15.27
2025-02-20,15.61,16.63,15.12,15.66
2025-02-21,15.63,19.03,15.28,18.21
2025-02-24,18.08,20.24,17.31,18.98
2025-02-25,19.09,21.48,18.85,19.43
2025-02-26,18.96,20.06,17.83,19.1
2025-02-27,18.25,21.47,17.67,21.13
2025-02-28,21.21,22.4,19.05,19.63
2025-03-03,19.83,24.31,19.25,22.78
2025-03-04,22.96,26.35,21.71,23.51
2025-03-05,23.03,24.84,21.37,21.93
2025-03-06,22.6,25.92,22.39,24.87
2025-03-07,24.85,26.56,23.09,23.37
2025-03-10,24.7,29.56,24.68,27.86
2025-03-11,27.94,29.57,26.18,26.92
2025-03-12,26.88,26.91,23.89,24.23
2025-03-13,24.92,26.13,23.46,24.66
2025-03-14,24.35,24.36,21.48,21.77
2025-03-17,22.89,22.95,20.32,20.51
2025-03-18,20.83,22.57,20.41,21.7
2025-03-19,21.84,22.1,19.42,19.9
2025-03-20,19.52,21.17,19.3,19.8
2025-03-21,20.02,21.14,19.15,19.28
2025-03-24,19.13,19.14,17.46,17.48
2025-03-25,17.58,17.77,17.02,17.15
2025-03-26,17.23,19.07,16.97,18.33
2025-03-27,18.36,19.28,17.95,18.69
2025-03-28,19.08,22.18,18.92,21.65
2025-03-31,24.11,24.8,21.67,22.28
2025-04-01,22.06,23.52,21.58,21.77
2025-04-02,22.3,23.66,20.68,21.51
2025-04-03,26.38,30.02,24.93,30.02
2025-04-04,30.12,45.61,29.99,45.31
2025-04-07,60.13,60.13,38.58,46.98
2025-04-08,44.04,57.52,36.48,52.33
2025-04-09,50.98,57.96,31.9,33.62
2025-04-10,34.44,54.87,34.44,40.72
2025-04-11,40.8,46.12,36.85,37.56
2025-04-14,34.76,35.17,29.75,30.89
2025-04-15,30.01,31.45,28.29,30.12
2025-04-16,33.24,34.96,29.48,32.64
2025-04-17,30.79,32.55,29.57,29.65
2025-04-21,32.75,35.75,31.79,33.82
2025-04-22,32.61,32.68,30.08,30.57
2025-04-23,28.75,30.29,27.11,28.45
2025-04-24,28.69,29.66,26.36,26.47
2025-04-25,26.22,27.2,24.84,24.84
2025-04-28,25.75,26.93,24.7,25.15
2025-04-29,24.76,25.99,23.76,24.17
2025-04-30,24.35,28.17,24.23,24.7
2025-05-01,23.94,25.18,23.3,24.6
2025-05-02,23.63,24.32,22.34,22.68
2025-05-05,24.25,24.63,22.81,23.64
2025-05-06,23.97,25.11,23.9,24.76
2025-05-07,24.56,25.62,23.29,23.55
2025-05-08,22.84,23.61,21.88,22.48
2025-05-09,22.4,22.82,21.83,21.9
2025-05-12,19.84,20.44,18.14,18.39
2025-05-13,18.69,18.85,17.65,18.22
2025-05-14,18.1,18.82,18.06,18.62
2025-05-15,19.19,19.38,17.77,17.83
2025-05-16,17.96,17.96,17.15,17.24
2025-05-19,19.84,19.92,17.92,18.14
2025-05-20,18.46,18.68,17.7,18.09
2025-05-21,18.77,21.05,17.77,20.87
2025-05-22,20.62,22.07,19.64,20.28
2025-05-23,20.14,25.53,19.83,22.29
2025-05-26,20.75,20.83,20.3,20.57
2025-05-27,20.63,21.01,18.95,18.96
2025-05-28,19.21,19.43,18.68,19.31
2025-05-29,18.25,20.2,18.11,19.18
2025-05-30,19.61,20.55,18.57,18.57
2025-06-02,19.81,20.45,18.36,18.36
2025-06-03,18.83,19.21,17.64,17.69
2025-06-04,17.68,18.07,17.41,17.61
2025-06-05,17.68,18.8,17.08,18.48
2025-06-06,18.16,18.35,16.65,16.77
2025-06-09,17.69,17.72,16.82,17.16
2025-06-10,17.5,17.99,16.68,16.95
2025-06-11,17.04,18.09,16.23,17.26
2025-06-12,17.87,18.87,17.43,18.02
2025-06-13,21.76,22.0,18.88,20.82
2025-06-16,19.78,20.22,18.67,19.11
2025-06-17,20.53,21.79,19.55,21.6
2025-06-18,20.9,21.58,19.59,20.14
2025-06-19,21.51,22.75,21.18,22.17
2025-06-20,20.74,21.07,19.11,20.62
2025-06-23,21.15,22.51,19.82,19.83
2025-06-24,18.19,18.72,17.33,17.48
2025-06-25,17.28,17.51,16.68,16.76
2025-06-26,16.67,16.78,16.11,16.59
2025-06-27,16.31,17.29,16.12,16.32
2025-06-30,17.19,17.43,16.55,16.73
2025-07-01,16.98,17.48,16.51,16.83
2025-07-02,16.75,17.37,16.54,16.64
2025-07-03,16.65,16.83,16.14,16.38
2025-07-04,16.93,17.67,16.92,17.48
2025-07-07,17.83,18.5,17.51,17.79
2025-07-08,17.41,17.44,16.54,16.81
2025-07-09,16.76,16.76,15.76,15.94
2025-07-10,16.23,16.24,15.7,15.78
2025-07-11,16.41,17.24,15.98,16.4
2025-07-14,17.73,17.85,16.91,17.2
2025-07-15,16.89,17.39,16.56,17.38
2025-07-16,17.66,19.48,16.69,17.16
2025-07-17,17.16,17.37,16.48,16.52
2025-07-18,16.43,16.81,16.28,16.41
2025-07-21,16.87,16.99,16.3,16.65
2025-07-22,16.75,17.48,16.43,16.5
2025-07-23,16.23,16.32,15.32,15.37
2025-07-24,15.39,15.54,14.95,15.39
2025-07-25,15.33,15.39,14.92,14.93
2025-07-28,15.15,15.54,15.0,15.03
2025-07-29,14.95,16.12,14.7,15.98
2025-07-30,15.87,17.27,15.44,15.48
2025-07-31,14.99,17.17,14.74,16.72
2025-08-01,17.4,21.9,17.39,20.38
2025-08-04,19.56,19.58,17.48,17.52
2025-08-05,17.21,18.94,17.11,17.85
2025-08-06,17.22,17.88,16.56,16.77
2025-08-07,16.41,17.64,15.98,16.57
2025-08-08,16.48,16.52,15.15,15.15
2025-08-11,15.81,16.36,15.52,16.25
2025-08-12,16.09,16.56,14.66,14.73
2025-08-13,14.62,14.81,14.3,14.49
2025-08-14,14.66,15.39,14.57,14.83
2025-08-15,14.43,15.18,14.4,15.09
2025-08-18,15.73,15.95,14.95,14.99
2025-08-19,15.23,15.91,14.76,15.57
2025-08-20,15.95,17.19,15.57,15.69
2025-08-21,15.72,17.24,15.65,16.6
2025-08-22,16.81,16.83,14.21,14.22
2025-08-25,15.05,15.19,14.24,14.79
2025-08-26,15.75,15.75,14.62,14.62
2025-08-27,14.66,15.23,14.66,14.85
2025-08-28,14.42,14.69,14.12,14.43
2025-08-29,14.31,15.97,14.31,15.36
2025-09-01,16.17,16.79,15.08,16.12
2025-09-02,16.65,19.38,16.55,17.17
2025-09-03,17.4,17.57,16.34,16.35
2025-09-04,16.22,16.35,15.28,15.3
2025-09-05,15.23,16.92,14.74,15.18
2025-09-08,15.58,15.65,14.99,15.11
2025-09-09,15.02,15.82,14.97,15.04
2025-09-10,14.98,15.63,14.63,15.35
2025-09-11,15.19,15.24,14.65,14.71
2025-09-12,14.62,14.97,14.41,14.76
2025-09-15,15.14,15.84,14.92,15.69
2025-09-16,15.6,16.38,15.44,16.36
2025-09-17,16.42,16.75,15.26,15.72
2025-09-18,14.93,15.8,14.33,15.7
2025-09-19,15.76,16.13,15.29,15.45
2025-09-22,16.14,16.35,15.78,16.1
2025-09-23,16.1,17.07,15.95,16.64
2025-09-24,16.57,17.21,16.18,16.18
2025-09-25,16.55,17.74,16.32,16.74
2025-09-26,16.89,17.05,15.29,15.29
2025-09-29,15.84,16.29,15.74,16.12
2025-09-30,16.49,16.7,16.02,16.28
2025-10-01,17.28,17.28,15.98,16.29
2025-10-02,16.12,16.92,15.93,16.63
2025-10-03,16.35,17.06,16.2,16.65
2025-10-06,16.74,17.09,16.29,16.37
2025-10-07,16.58,17.55,16.19,17.24
2025-10-08,17.17,17.2,16.23,16.3
2025-10-09,16.31,17.27,16.26,16.43
2025-10-10,16.36,22.44,16.23,21.66
2025-10-13,19.45,20.77,18.61,19.03
2025-10-14,21.46,22.94,19.18,20.81
2025-10-15,20.02,22.44,19.11,20.64
2025-10-16,20.49,25.43,19.85,25.31
2025-10-17,28.41,28.99,20.73,20.78
2025-10-20,20.53,21.02,18.23,18.23
2025-10-21,18.65,18.89,17.4,17.87
2025-10-22,17.84,21.01,17.73,18.6
2025-10-23,18.36,19.35,17.08,17.3
2025-10-24,17.02,17.22,16.02,16.37
2025-10-27,15.73,16.07,15.62,15.79
2025-10-28,15.95,16.55,15.66,16.42
2025-10-29,16.34,17.58,16.26,16.92
2025-10-30,16.26,17.41,15.73,16.91
2025-10-31,16.43,18.54,15.96,17.44
2025-11-03,18.06,18.83,17.0,17.17
2025-11-04,19.73,20.48,17.9,19.0
2025-11-05,19.37,20.02,17.31,18.01
2025-11-06,18.36,20.31,17.64,19.5
2025-11-07,19.52,22.72,19.08,19.08
2025-11-10,18.58,18.82,17.6,17.6
2025-11-11,17.9,18.01,17.25,17.28
2025-11-12,17.21,18.06,17.1,17.51
2025-11-13,17.61,21.31,17.51,20.0
2025-11-14,21.33,23.03,19.56,19.83
2025-11-17,19.58,23.44,19.54,22.38
2025-11-18,23.54,25.84,22.91,24.69
2025-11-19,24.52,24.79,21.93,23.66
2025-11-20,20.78,28.27,19.28,26.42
2025-11-21,25.97,27.84,22.54,23.43
2025-11-24,22.69,23.68,20.41,20.52
2025-11-25,20.55,21.77,18.39,18.56
2025-11-26,18.25,18.7,16.93,17.19
2025-11-27,17.22,17.36,17.05,17.21
2025-11-28,17.41,18.52,15.78,16.35
2025-12-01,18.05,18.33,16.58,17.24
2025-12-02,17.28,17.31,16.39,16.59
2025-12-03,16.43,17.28,15.93,16.08
2025-12-04,16.23,16.63,15.68,15.78
2025-12-05,15.58,16.18,15.28,15.41
2025-12-08,16.15,17.09,16.1,16.66
2025-12-09,16.66,17.2,16.45,16.93
2025-12-10,16.94,17.66,15.56,15.77
2025-12-11,16.84,16.88,14.85,14.85
2025-12-12,14.99,17.85,14.85,15.74
2025-12-15,16.51,17.35,15.99,16.5
2025-12-16,17.28,17.61,16.19,16.48
2025-12-17,16.45,18.0,15.82,17.62
2025-12-18,17.61,17.68,15.93,16.87
2025-12-19,16.31,16.53,14.91,14.91
2025-12-22,15.16,15.26,14.03,14.08
2025-12-23,14.09,14.45,13.64,14.0
2025-12-24,14.09,14.16,13.38,13.47
2025-12-26,14.12,14.29,13.52,13.6
2025-12-29,14.69,15.08,13.99,14.2
2025-12-30,14.43,14.62,14.04,14.33
2025-12-31,14.77,15.17,14.38,14.95
